{
	"credit": "Made with Blockbench",
	"parent": "minecraft:item/handheld_rod",
	"textures": {
		"particle": "item/guns/bazooka",
		"layer0": "item/guns/bazooka"
	},
	"display": {
		"thirdperson_righthand": {
			"rotation": [0, -90, 0],
			"translation": [0, 0, 2.5],
			"scale": [1.45, 1.5, 2.91]
		},
		"thirdperson_lefthand": {
			"rotation": [0, -90, -4],
			"translation": [0, -7.75, 8.25],
			"scale": [1.45, 1.5, 2.91]
		},
		"firstperson_righthand": {
			"rotation": [0, -90, 0],
			"translation": [0, 5.75, 8.75],
			"scale": [1.45, 1.5, 2.91]
		},
		"firstperson_lefthand": {
			"scale": [0, 0, 0]
		},
		"ground": {
			"rotation": [0, 0, -45],
			"translation": [0, 6, 0],
			"scale": [1, 1, 2]
		},
		"gui": {
			"rotation": [0, 0, -45],
			"translation": [-0.75, -1, 0],
			"scale": [1.2, 1.5, 1]
		},
		"head": {
			"scale": [0, 0, 0]
		},
		"fixed": {
			"rotation": [0, -180, -45],
			"translation": [0.75, -1.25, 0],
			"scale": [1.5, 1.7, 2.2]
		}
	}
}