{
	"credit": "Made with Blockbench",
	"parent": "item/handheld",
	"textures": {
		"particle": "item/guns/big_gun",
		"layer0": "item/guns/big_gun"
	},
	"display": {
		"thirdperson_righthand": {
			"rotation": [0, -90, 0],
			"translation": [0, 1, -1.75],
			"scale": [0.69, 0.69, 1.18]
		},
		"thirdperson_lefthand": {
			"rotation": [0, 90, 90],
			"translation": [0.25, -1.5, 0],
			"scale": [0.69, 0.69, 1.18]
		},
		"firstperson_righthand": {
			"rotation": [0, -90, 0],
			"translation": [1, 1.75, -1.25],
			"scale": [0.69, 0.69, 1.18]
		},
		"firstperson_lefthand": {
			"rotation": [0, 96, 50],
			"translation": [3.75, 1.25, -1.5],
			"scale": [0.69, 0.69, 1.18]
		},
		"ground": {
			"rotation": [0, 0, -45],
			"translation": [0, 6, 0],
			"scale": [0.69, 0.69, 1.18]
		},
		"gui": {
			"rotation": [0, 0, -45],
			"translation": [0, 1.5, 0],
			"scale": [0.85, 0.85, 0.85]
		},
		"head": {
			"scale": [0, 0, 0]
		},
		"fixed": {
			"rotation": [0, 180, -45],
			"translation": [0, 1.5, 0],
			"scale": [0.85, 0.85, 0.85]
		}
	}
}