{
	"credit": "Made with Blockbench",
	"textures": {
		"1": "item/guns/c4",
		"particle": "item/guns/c4"
	},
	"elements": [
		{
			"from": [7, 7, 7],
			"to": [11, 11, 11],
			"faces": {
				"north": {"uv": [0, 4, 4, 8], "texture": "#1"},
				"east": {"uv": [4, 4, 8, 8], "texture": "#1"},
				"south": {"uv": [8, 4, 12, 8], "texture": "#1"},
				"west": {"uv": [12, 4, 16, 8], "texture": "#1"},
				"up": {"uv": [4, 0, 8, 4], "texture": "#1"},
				"down": {"uv": [8, 0, 12, 4], "texture": "#1"}
			}
		}
	],
	"display": {
		"thirdperson_righthand": {
			"rotation": [0, 180, 0],
			"translation": [1, 1, 2.75]
		},
		"thirdperson_lefthand": {
			"rotation": [0, 180, 0],
			"translation": [-1, 1, 2.75]
		},
		"firstperson_righthand": {
			"rotation": [0, 180, 0],
			"translation": [-0.75, 1.75, 3.5]
		},
		"firstperson_lefthand": {
			"translation": [1.25, 0.75, 0]
		},
		"gui": {
			"rotation": [109, 0, 30],
			"translation": [-0.75, 2.25, 0],
			"scale": [2, 2, 2]
		},
		"fixed": {
			"rotation": [-90, 0, 0],
			"translation": [-2.75, -2.25, 0],
			"scale": [2.5, 2.5, 2.5]
		}
	}
}