{
	"credit": "Made with Blockbench",
	"textures": {
		"1": "item/guns/c4_remote",
		"particle": "item/guns/c4_remote"
	},
	"elements": [
		{
			"from": [7, 7, 7],
			"to": [8, 11, 10],
			"faces": {
				"north": {"uv": [0, 4, 4, 8], "texture": "#1"},
				"east": {"uv": [4, 4, 8, 8], "texture": "#1"},
				"south": {"uv": [8, 4, 12, 8], "texture": "#1"},
				"west": {"uv": [12, 4, 16, 8], "texture": "#1"},
				"up": {"uv": [4, 0, 8, 4], "texture": "#1"},
				"down": {"uv": [8, 0, 12, 4], "texture": "#1"}
			}
		}
	],
	"display": {
		"thirdperson_righthand": {
			"rotation": [5.86, -90, 0],
			"translation": [0.5, 0.75, 1.25]
		},
		"thirdperson_lefthand": {
			"rotation": [5.86, 90, 0],
			"translation": [-0.5, 0.75, 1.25]
		},
		"firstperson_righthand": {
			"rotation": [0, -175, 0],
			"translation": [2.25, 0, 0],
			"scale": [2, 2, 2]
		},
		"firstperson_lefthand": {
			"translation": [1.25, 0.75, -1],
			"scale": [2, 2, 2]
		},
		"gui": {
			"rotation": [22, -115, 0],
			"translation": [0.25, -3.75, 0],
			"scale": [3, 3, 3]
		},
		"fixed": {
			"rotation": [0, 90, 0],
			"translation": [-1.75, -2.75, -1.75],
			"scale": [3, 3, 3]
		}
	}
}