{
	"credit": "Made with Blockbench",
	"parent": "item/handheld",
	"textures": {
		"particle": "item/guns/flare_gun",
		"layer0": "item/guns/flare_gun"
	},
	"display": {
		"thirdperson_righthand": {
			"rotation": [-90, -90, -90],
			"translation": [0, 1.25, -0.25],
			"scale": [0.66, 0.66, 1]
		},
		"thirdperson_lefthand": {
			"rotation": [0, 90, 0],
			"translation": [0, 1.25, -0.25],
			"scale": [0.66, 0.66, 1]
		},
		"firstperson_righthand": {
			"rotation": [0, -90, 0],
			"translation": [2.5, 1.75, -1.25],
			"scale": [0.66, 0.66, 1]
		},
		"firstperson_lefthand": {
			"rotation": [0, 90, 0],
			"translation": [2.5, 1.75, -1.25],
			"scale": [0.66, 0.66, 1]
		},
		"ground": {
			"rotation": [0, 0, -45],
			"translation": [0, 3, 0],
			"scale": [0.66, 0.66, 1]
		},
		"gui": {
			"rotation": [0, 0, -45],
			"translation": [-2, 0, 0]
		},
		"fixed": {
			"rotation": [0, -180, -45],
			"translation": [2, 0, 0]
		}
	}
}