{
	"credit": "Made with Blockbench",
	"parent": "minecraft:item/handheld_rod",
	"textures": {
		"particle": "item/guns/fn_fnc",
		"layer0": "item/guns/fn_fnc"
	},
	"display": {
		"thirdperson_righthand": {
			"rotation": [0, -90, 0],
			"translation": [0, 1.25, -3.75],
			"scale": [1.2, 1.2, 1]
		},
		"thirdperson_lefthand": {
			"rotation": [0, -90, 0],
			"translation": [-1.25, -5.75, 11],
			"scale": [1.2, 1.2, 1]
		},
		"firstperson_righthand": {
			"rotation": [0, -90, 0],
			"translation": [-4, 4.5, 0.25],
			"scale": [1.2, 1.2, 1]
		},
		"firstperson_lefthand": {
			"scale": [0, 0, 0]
		},
		"ground": {
			"rotation": [0, 0, -45],
			"translation": [0, 3, 0]
		},
		"gui": {
			"rotation": [0, 0, -45],
			"translation": [-0.75, 0, 0],
			"scale": [1.2, 1.2, 1.2]
		},
		"fixed": {
			"rotation": [0, -180, -45],
			"scale": [1.3, 1.3, 0.9]
		}
	}
}