{
	"credit": "Made with Blockbench",
	"parent": "minecraft:item/handheld_rod",
	"textures": {
		"1": "item/guns/sniper",
		"particle": "item/guns/fn_fal",
		"layer0": "item/guns/fn_fal"
	},
	"display": {
		"thirdperson_righthand": {
			"rotation": [0, -90, 0],
			"translation": [0, 1.23, -3],
			"scale": [1.3, 1.3, 1]
		},
		"thirdperson_lefthand": {
			"rotation": [0, -90, 0],
			"translation": [-1, -5.5, 9],
			"scale": [1.3, 1.3, 1]
		},
		"firstperson_righthand": {
			"rotation": [0, -90, 0],
			"translation": [-3.5, 5.5, 1.75],
			"scale": [1.3, 1.3, 1]
		},
		"firstperson_lefthand": {
			"scale": [0, 0, 0]
		},
		"ground": {
			"rotation": [0, 0, -45],
			"translation": [0, 3, 0]
		},
		"gui": {
			"rotation": [0, 0, -45],
			"translation": [-0.75, 0, 0],
			"scale": [1.3, 1.3, 1.3]
		},
		"fixed": {
			"rotation": [0, -180, -45],
			"scale": [1.3, 1.3, 1.3]
		}
	}
}