{
	"credit": "Made with Blockbench",
	"parent": "minecraft:item/handheld_rod",
	"textures": {
		"particle": "item/guns/sniper",
		"layer0": "item/guns/fn_m249"
	},
	"display": {
		"thirdperson_righthand": {
			"rotation": [0, -90, 0],
			"translation": [0, -0.02, -2.75],
			"scale": [1.5, 1.5, 1.23]
		},
		"thirdperson_lefthand": {
			"rotation": [0, -90, 0],
			"translation": [0, -7.5, 9],
			"scale": [1.5, 1.5, 1.23]
		},
		"firstperson_righthand": {
			"rotation": [0, -90, 0],
			"translation": [-4.5, 4, 2.25],
			"scale": [1.5, 1.1, 0.69]
		},
		"firstperson_lefthand": {
			"scale": [0, 0, 0]
		},
		"ground": {
			"rotation": [0, 0, -45],
			"translation": [0, 3, 0]
		},
		"gui": {
			"rotation": [0, 0, -45],
			"translation": [-0.75, 0, 0],
			"scale": [1.3, 1.3, 1.3]
		},
		"fixed": {
			"rotation": [0, -180, -45],
			"scale": [1.3, 1.3, 1.3]
		}
	}
}