{
	"credit": "Made with Blockbench",
	"parent": "minecraft:item/handheld_rod",
	"textures": {
		"layer0": "item/guns/glock17",
		"particle": "item/guns/glock17"
	},
	"display": {
		"thirdperson_righthand": {
			"rotation": [1, -90, 0],
			"translation": [0, -0.25, -0.25],
			"scale": [0.5, 0.5, 1]
		},
		"thirdperson_lefthand": {
			"rotation": [1, 90, 0],
			"translation": [0, -0.25, -0.25],
			"scale": [0.5, 0.5, 1]
		},
		"firstperson_righthand": {
			"rotation": [1, -90, 0],
			"translation": [0, 2.5, 0.75],
			"scale": [0.5, 0.5, 1]
		},
		"firstperson_lefthand": {
			"rotation": [1, 90, 0],
			"translation": [0, 2.5, 0.75],
			"scale": [0.5, 0.5, 1]
		},
		"ground": {
			"rotation": [0, 0, -45],
			"translation": [0, 3.25, 0],
			"scale": [0.5, 0.5, 1]
		},
		"gui": {
			"rotation": [0, 0, -45],
			"translation": [0.25, 0.5, 0],
			"scale": [1, 1, 1.5]
		},
		"fixed": {
			"rotation": [0, -180, -45],
			"translation": [0.75, 0.5, 0],
			"scale": [1, 1, 1.5]
		}
	}
}