{
	"credit": "Made with Blockbench",
	"parent": "minecraft:item/handheld_rod",
	"textures": {
		"particle": "item/guns/sniper",
		"layer0": "item/guns/harpoon"
	},
	"display": {
		"thirdperson_righthand": {
			"rotation": [0, -90, 0],
			"translation": [0, -0.25, -5.25]
		},
		"thirdperson_lefthand": {
			"rotation": [180, -90, 180],
			"translation": [0, -6, 8]
		},
		"firstperson_righthand": {
			"rotation": [0, -90, 0],
			"translation": [-1.75, 3, -1.5]
		},
		"firstperson_lefthand": {
			"scale": [0, 0, 0]
		},
		"ground": {
			"rotation": [0, 0, -45],
			"translation": [0, 3, 0]
		},
		"gui": {
			"rotation": [0, 0, -45],
			"scale": [1.3, 1.3, 1.3]
		},
		"fixed": {
			"rotation": [0, -180, -45],
			"scale": [1.3, 1.3, 1.3]
		}
	}
}