{
	"credit": "Made with Blockbench",
	"parent": "item/handheld",
	"textures": {
		"particle": "item/guns/sniper",
		"layer0": "item/guns/lasergun"
	},
	"display": {
		"thirdperson_righthand": {
			"rotation": [0, -90, 0],
			"translation": [0, 0.5, -2.25],
			"scale": [0.77, 0.66, 1.1]
		},
		"thirdperson_lefthand": {
			"rotation": [0, 90, 0],
			"translation": [0, 0.5, -2.25],
			"scale": [0.77, 0.66, 1.1]
		},
		"firstperson_righthand": {
			"rotation": [0, -90, 0],
			"translation": [0.5, 1, -1.75],
			"scale": [0.77, 0.66, 1.1]
		},
		"firstperson_lefthand": {
			"rotation": [0, 90, 0],
			"translation": [0.5, 1, -1.75],
			"scale": [0.77, 0.66, 1.1]
		},
		"ground": {
			"rotation": [0, 0, -45],
			"translation": [0, 3.5, 0],
			"scale": [0.77, 0.66, 1.1]
		},
		"gui": {
			"rotation": [0, 0, -45]
		},
		"head": {
			"scale": [0, 0, 0]
		},
		"fixed": {
			"rotation": [0, -180, -45]
		}
	},
	"groups": [
		{
			"name": "lasergun",
			"origin": [8, 8, 8],
			"color": 0,
			"children": []
		}
	]
}