{
	"parent": "item/handheld",
	"textures": {
        "particle": "item/guns/sniper",
		"layer0": "item/guns/luger_p08"
	},
	"display": {
		"firstperson_righthand": {
            "rotation": [ 0, -95, 0 ],
            "translation": [ -1.13, 3.5, 2],
            "scale": [ 0.68, 0.50, 0.50 ]
        },
        "firstperson_lefthand": {
            "rotation": [ 70, 70, -45  ],
            "translation": [ -2.13, 4, 3],
            "scale": [ 0.68, 0.50, 0.50 ]
        },
        "thirdperson_righthand": {
            "rotation": [ -35, -90, -45 ],
            "translation": [ 0, -0.4, -0.5 ],
            "scale": [ 1, 1, 1 ]
        },
        "thirdperson_lefthand": {
            "rotation": [  -35, 90, 45 ],
            "translation": [ 0, -0.4, -0.5],
            "scale": [ 1, 1, 1 ]
        }
    }
}