{
	"credit": "Made with Blockbench",
	"parent": "item/handheld",
	"textures": {
		"particle": "item/guns/m1866",
		"layer0": "item/guns/m1866"
	},
	"display": {
		"thirdperson_righthand": {
			"rotation": [0, -90, 0],
			"translation": [0, 0.25, -2.75],
			"scale": [1.4, 1.6, 1]
		},
		"thirdperson_lefthand": {
			"rotation": [0, -90, 0],
			"translation": [0, -5.5, 6.25],
			"scale": [1.4, 1.6, 1]
		},
		"firstperson_righthand": {
			"rotation": [0, -90, 0],
			"translation": [-0.5, 3.75, 0],
			"scale": [1.4, 1.6, 1]
		},
		"firstperson_lefthand": {
			"scale": [0, 0, 0]
		},
		"ground": {
			"rotation": [0, 0, -45],
			"translation": [0, 5, 0],
			"scale": [1.4, 1.6, 1]
		},
		"gui": {
			"rotation": [0, 0, -45],
			"translation": [-0.25, 0.5, 0],
			"scale": [1.2, 1.5, 1.2]
		},
		"fixed": {
			"rotation": [0, -180, -45],
			"scale": [1.4, 1.6, 1]
		}
	}
}