{
	"credit": "Made with Blockbench",
	"parent": "item/handheld",
	"textures": {
		"particle": "item/guns/sniper",
		"layer0": "item/guns/m1911"
	},
	"display": {
		"thirdperson_righthand": {
			"rotation": [0, -90, 0],
			"translation": [0, 0.25, -0.75],
			"scale": [0.6, 0.45, 1]
		},
		"thirdperson_lefthand": {
			"rotation": [0, 90, 0],
			"translation": [0, 0.25, -0.75],
			"scale": [0.6, 0.45, 1]
		},
		"firstperson_righthand": {
			"rotation": [0, -90, 0],
			"translation": [1, 2.25, 0],
			"scale": [0.6, 0.45, 0.7]
		},
		"firstperson_lefthand": {
			"rotation": [0, 89, 0],
			"translation": [1, 2.25, 0],
			"scale": [0.6, 0.45, 0.7]
		},
		"ground": {
			"rotation": [0, 0, -45],
			"translation": [0, 5, 0],
			"scale": [0.6, 0.45, 1]
		},
		"gui": {
			"rotation": [0, 0, -45],
			"scale": [1, 0.85, 1]
		},
		"fixed": {
			"rotation": [0, 180, -45],
			"scale": [1, 0.85, 1]
		}
	}
}