{
	"credit": "Made with Blockbench",
	"parent": "item/handheld",
	"textures": {
		"1": "item/guns/sniper",
		"particle": "item/guns/m1super90",
		"layer0": "item/guns/m1super90"
	},
	"display": {
		"thirdperson_righthand": {
			"rotation": [0, -90, 0],
			"translation": [0, 1.75, -3.75],
			"scale": [1.2, 1.5, 1.2]
		},
		"thirdperson_lefthand": {
			"rotation": [0, -90, 0],
			"translation": [0, -4.75, 8.25],
			"scale": [1.2, 1.5, 1.2]
		},
		"firstperson_righthand": {
			"rotation": [0, -90, 0],
			"translation": [-3, 4.75, 0],
			"scale": [1.2, 1.5, 1.2]
		},
		"firstperson_lefthand": {
			"scale": [0, 0, 0]
		},
		"ground": {
			"rotation": [0, 0, -45],
			"translation": [0, 4.5, 0],
			"scale": [1.2, 1.5, 1.2]
		},
		"gui": {
			"rotation": [0, 0, -45],
			"translation": [0.5, 1, 0],
			"scale": [1.2, 1.5, 1.2]
		},
		"fixed": {
			"rotation": [0, -180, -45],
			"translation": [0, 1.5, 0],
			"scale": [1.2, 1.5, 1.2]
		}
	}
}