{
	"credit": "Made with Blockbench",
	"parent": "minecraft:item/handheld_rod",
	"textures": {
		"1": "item/guns/sniper",
		"particle": "item/guns/mac10",
		"layer0": "item/guns/mac10"
	},
	"display": {
		"thirdperson_righthand": {
			"rotation": [0, -90, 0],
			"translation": [0, 1.5, -1.25],
			"scale": [0.75, 0.75, 0.75]
		},
		"thirdperson_lefthand": {
			"rotation": [0, 90, 0],
			"translation": [0, 1.5, -1.25],
			"scale": [0.75, 0.75, 0.75]
		},
		"firstperson_righthand": {
			"rotation": [0, -90, 0],
			"translation": [-1, 3.25, 0.5],
			"scale": [0.75, 0.75, 0.75]
		},
		"firstperson_lefthand": {
			"rotation": [0, 90, 0],
			"translation": [-1, 3.25, 0.5],
			"scale": [0.75, 0.75, 0.75]
		},
		"ground": {
			"rotation": [0, 0, -45],
			"translation": [0, 3.75, 0],
			"scale": [0.75, 0.75, 0.75]
		},
		"gui": {
			"rotation": [0, 0, -45],
			"translation": [0.75, 1, 0]
		},
		"fixed": {
			"rotation": [0, -180, -45]
		}
	}
}