{
	"credit": "Made with Blockbench",
	"parent": "minecraft:item/handheld_rod",
	"textures": {
		"particle": "item/guns/machinegun",
		"layer0": "item/guns/machinegun"
	},
	"display": {
		"thirdperson_righthand": {
			"rotation": [0, -90, 0],
			"translation": [0, 0.75, -2.25],
			"scale": [1.2, 1.4, 1]
		},
		"thirdperson_lefthand": {
			"rotation": [0, -90, 0],
			"translation": [-0.25, -6, 7],
			"scale": [1.2, 1.4, 1]
		},
		"firstperson_righthand": {
			"rotation": [0, -90, 0],
			"translation": [-3, 4.5, 0.75],
			"scale": [1.2, 1.4, 1]
		},
		"firstperson_lefthand": {
			"scale": [0, 0, 0]
		},
		"ground": {
			"rotation": [0, 0, -45],
			"translation": [0, 3, 0]
		},
		"gui": {
			"rotation": [0, 0, -45],
			"translation": [-0.75, 0, 0],
			"scale": [1.2, 1.4, 1.2]
		},
		"fixed": {
			"rotation": [0, -180, -45],
			"scale": [1.3, 1.5, 0.9]
		}
	}
}