{
	"credit": "Made with Blockbench",
	"parent": "item/handheld",
	"textures": {
		"1": "item/guns/sniper",
		"particle": "item/guns/magnum",
		"layer0": "item/guns/magnum"
	},
	"display": {
		"thirdperson_righthand": {
			"rotation": [-90, -90, -90],
			"translation": [0, 1.5, -2.25],
			"scale": [0.66, 0.66, 0.66]
		},
		"thirdperson_lefthand": {
			"rotation": [180, 90, -90],
			"translation": [0, -2.25, 0.25],
			"scale": [0.66, 0.66, 0.66]
		},
		"firstperson_righthand": {
			"rotation": [0, -91, 0],
			"translation": [2.5, 2.5, -1.75],
			"scale": [0.66, 0.66, 0.66]
		},
		"firstperson_lefthand": {
			"rotation": [0, 96, 50],
			"translation": [3.75, 2, -1.5],
			"scale": [0.66, 0.66, 0.66]
		},
		"ground": {
			"rotation": [0, 0, -45],
			"translation": [0, 3, 0],
			"scale": [0.66, 0.66, 0.66]
		},
		"gui": {
			"rotation": [0, 0, -45],
			"translation": [0, 1.25, 0]
		},
		"fixed": {
			"rotation": [0, -180, -45],
			"translation": [0, 1.75, 0]
		}
	}
}