{
	"credit": "Made with Blockbench",
	"parent": "item/handheld",
	"textures": {
		"1": "item/guns/sniper",
		"particle": "item/guns/mini-gun",
		"layer0": "item/guns/mini-gun"
	},
	"display": {
		"thirdperson_righthand": {
			"rotation": [0, -90, -66],
			"translation": [0, 3, -6],
			"scale": [1.2, 1.2, 1.8]
		},
		"thirdperson_lefthand": {
			"rotation": [90, 90, -90],
			"translation": [0, -6, 5.5],
			"scale": [1.2, 1.2, 1.8]
		},
		"firstperson_righthand": {
			"rotation": [0, -90, 0],
			"translation": [-4.5, 3.5, 5.5],
			"scale": [1.2, 1.2, 1.8]
		},
		"firstperson_lefthand": {
			"scale": [0, 0, 0]
		},
		"ground": {
			"rotation": [0, 0, -45],
			"translation": [0, 2.25, 0],
			"scale": [1.2, 1.2, 1.8]
		},
		"gui": {
			"rotation": [0, 0, -45],
			"translation": [-1.75, 0, -5.25],
			"scale": [1.05, 1.1, 1.8]
		},
		"head": {
			"scale": [0, 0, 0]
		},
		"fixed": {
			"rotation": [0, -180, -45],
			"translation": [0.5, 0, 0],
			"scale": [1.2, 1.2, 1.8]
		}
	}
}