{
	"credit": "Made with Blockbench",
	"parent": "item/handheld",
	"textures": {
		"particle": "item/guns/sniper",
		"layer0": "item/guns/mini-gun_2"
	},
	"display": {
		"thirdperson_righthand": {
			"rotation": [0, -90, 0],
			"translation": [0, 1.75, -2.75],
			"scale": [1, 1, 1.5]
		},
		"thirdperson_lefthand": {
			"rotation": [0, -90, 0],
			"translation": [0, -5.75, 9.75],
			"scale": [1, 1, 1.5]
		},
		"firstperson_righthand": {
			"rotation": [0, -90, 0],
			"translation": [-2.25, 3, 0],
			"scale": [1, 1, 1.5]
		},
		"firstperson_lefthand": {
			"scale": [0, 0, 0]
		},
		"ground": {
			"rotation": [0, 0, -45],
			"translation": [0, 3.5, 0],
			"scale": [1, 1, 1.5]
		},
		"gui": {
			"rotation": [0, 0, -45],
			"translation": [-0.25, 0.5, 0],
			"scale": [1, 1, 1.5]
		},
		"fixed": {
			"rotation": [0, -180, -45],
			"translation": [0.5, 0, 0],
			"scale": [1, 1, 1.5]
		}
	}
}