{
	"credit": "Made with Blockbench",
	"parent": "item/handheld",
	"textures": {
		"particle": "item/guns/mossberg500t",
		"layer0": "item/guns/mossberg500t"
	},
	"display": {
		"thirdperson_righthand": {
			"rotation": [0, -90, 0],
			"translation": [0, 0, -5],
			"scale": [1.3, 1, 1]
		},
		"thirdperson_lefthand": {
			"rotation": [0, -90, 0],
			"translation": [0, -6, 8.25],
			"scale": [1.3, 1, 1]
		},
		"firstperson_righthand": {
			"rotation": [0, -90, 0],
			"translation": [-2.5, 3, 0],
			"scale": [1.3, 1, 1]
		},
		"firstperson_lefthand": {
			"scale": [0, 0, 0]
		},
		"ground": {
			"rotation": [0, 0, -45],
			"translation": [0, 3.5, 0],
			"scale": [1.3, 1, 1]
		},
		"gui": {
			"rotation": [0, 0, -45],
			"translation": [-0.75, -0.5, 0],
			"scale": [1.3, 1, 1]
		},
		"fixed": {
			"rotation": [0, -180, -45],
			"scale": [1.3, 1, 1]
		}
	}
}