{
	"credit": "Made with Blockbench",
	"parent": "minecraft:item/handheld_rod",
	"textures": {
		"particle": "item/guns/mossberg-cs",
		"layer0": "item/guns/mossberg-cs"
	},
	"display": {
		"thirdperson_righthand": {
			"rotation": [0, -90, 0],
			"translation": [0, 1, -6],
			"scale": [1, 1.2, 1.2]
		},
		"thirdperson_lefthand": {
			"rotation": [0, -90, 0],
			"translation": [0, -5.25, 7.75],
			"scale": [1, 1.2, 1.2]
		},
		"firstperson_righthand": {
			"rotation": [0, -90, 0],
			"translation": [-3.25, 4.25, -0.75],
			"scale": [1, 1.2, 1.2]
		},
		"firstperson_lefthand": {
			"scale": [0, 0, 0]
		},
		"ground": {
			"rotation": [0, 0, -45],
			"translation": [0, 3.5, 0],
			"scale": [1, 1.2, 1.2]
		},
		"gui": {
			"rotation": [0, 0, -45],
			"translation": [0, 0.25, 0],
			"scale": [1.1, 1.4, 1.1]
		},
		"fixed": {
			"rotation": [0, -180, -45],
			"scale": [1.3, 1.6, 1.6]
		}
	}
}