{
	"credit": "Made with Blockbench",
	"parent": "minecraft:item/handheld_rod",
	"textures": {
		"particle": "item/guns/sniper",
		"layer0": "item/guns/mp5"
	},
	"display": {
		"thirdperson_righthand": {
			"rotation": [0, -90, 0],
			"translation": [0, 2, -3.5],
			"scale": [1.3, 1.3, 0.9]
		},
		"thirdperson_lefthand": {
			"rotation": [180, -90, 180],
			"translation": [0, -6, 8.25],
			"scale": [1.3, 1.3, 0.9]
		},
		"firstperson_righthand": {
			"rotation": [0, -90, 0],
			"translation": [-1.5, 3.25, -0.5],
			"scale": [1.3, 1.3, 0.76]
		},
		"firstperson_lefthand": {
			"scale": [0, 0, 0]
		},
		"ground": {
			"rotation": [0, 0, -45],
			"translation": [0, 3, 0]
		},
		"gui": {
			"rotation": [0, 0, -45],
			"translation": [0.25, 0, 0],
			"scale": [1.2, 1.2, 1.2]
		},
		"fixed": {
			"rotation": [0, -180, -45],
			"scale": [1.3, 1.3, 0.9]
		}
	}
}