{
	"credit": "Made with Blockbench",
	"parent": "item/handheld",
	"textures": {
		"particle": "item/guns/sniper",
		"layer0": "item/guns/revolver"
	},
	"display": {
		"thirdperson_righthand": {
			"rotation": [-90, -90, -90],
			"translation": [0, -0.25, -2.25],
			"scale": [0.66, 0.66, 0.66]
		},
		"thirdperson_lefthand": {
			"rotation": [90, 90, -90],
			"translation": [0, -0.25, -2.25],
			"scale": [0.66, 0.66, 0.66]
		},
		"firstperson_righthand": {
			"rotation": [0, -91, 0],
			"translation": [2.5, 1, -1.25],
			"scale": [0.66, 0.66, 0.66]
		},
		"firstperson_lefthand": {
			"rotation": [0, 91, 0],
			"translation": [2.5, 1, -1.25],
			"scale": [0.66, 0.66, 0.66]
		},
		"ground": {
			"rotation": [0, 0, -45],
			"translation": [0, 3, 0],
			"scale": [0.66, 0.66, 0.66]
		},
		"gui": {
			"rotation": [0, 0, -45]
		},
		"fixed": {
			"rotation": [0, -180, -45]
		}
	}
}