{
	"credit": "Made with Blockbench",
	"parent": "item/handheld",
	"textures": {
		"1": "item/guns/sniper",
		"particle": "item/guns/shotgun12",
		"layer0": "item/guns/shotgun12"
	},
	"display": {
		"thirdperson_righthand": {
			"rotation": [0, -90, 0],
			"translation": [0, 1, -2],
			"scale": [1.3, 1.6, 1.6]
		},
		"thirdperson_lefthand": {
			"rotation": [0, -90, 0],
			"translation": [0, -5.5, 8.25],
			"scale": [1.3, 1.6, 1.6]
		},
		"firstperson_righthand": {
			"rotation": [0, -90, 0],
			"translation": [-0.25, 3, 0],
			"scale": [1.3, 1.6, 1.6]
		},
		"firstperson_lefthand": {
			"scale": [0, 0, 0]
		},
		"ground": {
			"rotation": [0, 0, -45],
			"translation": [0, 5, 0],
			"scale": [1.3, 1.6, 1.6]
		},
		"gui": {
			"rotation": [0, 0, -45],
			"translation": [-0.25, 0.5, 0],
			"scale": [1.1, 1.6, 1.1]
		},
		"fixed": {
			"rotation": [0, -180, -45],
			"scale": [1.3, 1.6, 1.6]
		}
	}
}