{
	"credit": "Made with Blockbench",
	"textures": {
		"particle": "item/guns/sniper",
		"1": "item/guns/smoke_grenade"
	},
	"elements": [
		{
			"from": [7, 7, 7],
			"to": [9, 9, 9],
			"faces": {
				"north": {"uv": [0, 4, 4, 8], "texture": "#1"},
				"east": {"uv": [4, 4, 8, 8], "texture": "#1"},
				"south": {"uv": [8, 4, 12, 8], "texture": "#1"},
				"west": {"uv": [12, 4, 16, 8], "texture": "#1"},
				"up": {"uv": [4, 0, 8, 4], "texture": "#1"},
				"down": {"uv": [8, 0, 12, 4], "texture": "#1"}
			}
		}
	],
	"display": {
		"thirdperson_righthand": {
			"rotation": [0, 180, 0],
			"translation": [0, 0.25, 0.75],
			"scale": [1, 2, 1]
		},
		"thirdperson_lefthand": {
			"rotation": [0, 180, 0],
			"translation": [0, 0.25, 0.75],
			"scale": [1, 2, 1]
		},
		"firstperson_righthand": {
			"rotation": [0, 180, 0],
			"translation": [-1.25, 3.25, 3.5],
			"scale": [1, 2.5, 1]
		},
		"firstperson_lefthand": {
			"rotation": [0, 90, 0],
			"translation": [-1.25, 3.25, 3.5],
			"scale": [1, 2.5, 1]
		},
		"ground": {
			"scale": [1, 2, 1]
		},
		"gui": {
			"rotation": [28, -33, 0],
			"scale": [2, 4, 2]
		},
		"fixed": {
			"scale": [2, 4, 2]
		}
	}
}