{
	"credit": "Made with Blockbench",
	"textures": {
		"0": "item/guns/sniper",
		"particle": "item/guns/sniper"
	},
	"elements": [
		{
			"name": "sniper_1",
			"from": [9.5, 8.5, 7],
			"to": [10.5, 9, 7.5],
			"faces": {
				"north": {"uv": [10.5, 7, 9.5, 7.5], "texture": "#0"},
				"east": {"uv": [10, 7, 10.5, 7.5], "texture": "#0"},
				"south": {"uv": [9.5, 7, 10.5, 7.5], "texture": "#0"},
				"west": {"uv": [9.5, 7, 10, 7.5], "texture": "#0"},
				"up": {"uv": [9.5, 7, 10.5, 7.5], "texture": "#0"},
				"down": {"uv": [9.5, 7, 10.5, 7.5], "texture": "#0"}
			}
		},
		{
			"name": "sniper_2",
			"from": [0, 8, 7],
			"to": [10.5, 8.5, 7.5],
			"faces": {
				"north": {"uv": [10.5, 7.5, 0, 8], "texture": "#0"},
				"east": {"uv": [10, 7.5, 10.5, 8], "texture": "#0"},
				"south": {"uv": [0, 7.5, 10.5, 8], "texture": "#0"},
				"west": {"uv": [0, 7.5, 0.5, 8], "texture": "#0"},
				"up": {"uv": [0, 7.5, 10.5, 8], "texture": "#0"},
				"down": {"uv": [0, 7.5, 10.5, 8], "texture": "#0"}
			}
		},
		{
			"name": "sniper_3",
			"from": [0.6, 7.5, 7],
			"to": [12, 8, 7.5],
			"faces": {
				"north": {"uv": [12, 8, 0.5, 8.5], "texture": "#0"},
				"east": {"uv": [11.5, 8, 12, 8.5], "texture": "#0"},
				"south": {"uv": [0.5, 8, 12, 8.5], "texture": "#0"},
				"west": {"uv": [0.5, 8, 1, 8.5], "texture": "#0"},
				"up": {"uv": [0.5, 8, 12, 8.5], "texture": "#0"},
				"down": {"uv": [0.5, 8, 12, 8.5], "texture": "#0"}
			}
		},
		{
			"name": "sniper_4",
			"from": [13, 7.5, 7],
			"to": [15, 8, 7.5],
			"faces": {
				"north": {"uv": [15, 8, 13, 8.5], "texture": "#0"},
				"east": {"uv": [14.5, 8, 15, 8.5], "texture": "#0"},
				"south": {"uv": [13, 8, 15, 8.5], "texture": "#0"},
				"west": {"uv": [13, 8, 13.5, 8.5], "texture": "#0"},
				"up": {"uv": [13, 8, 15, 8.5], "texture": "#0"},
				"down": {"uv": [13, 8, 15, 8.5], "texture": "#0"}
			}
		},
		{
			"name": "sniper_5",
			"from": [4.6, 7, 7],
			"to": [16, 7.5, 7.5],
			"faces": {
				"north": {"uv": [16, 8.5, 4.5, 9], "texture": "#0"},
				"east": {"uv": [15.5, 8.5, 16, 9], "texture": "#0"},
				"south": {"uv": [4.5, 8.5, 16, 9], "texture": "#0"},
				"west": {"uv": [4.5, 8.5, 5, 9], "texture": "#0"},
				"up": {"uv": [4.5, 8.5, 16, 9], "texture": "#0"},
				"down": {"uv": [4.5, 8.5, 16, 9], "texture": "#0"}
			}
		},
		{
			"name": "sniper_6",
			"from": [10, 6.5, 7],
			"to": [16, 7, 7.5],
			"faces": {
				"north": {"uv": [16, 9, 10, 9.5], "texture": "#0"},
				"east": {"uv": [15.5, 9, 16, 9.5], "texture": "#0"},
				"south": {"uv": [10, 9, 16, 9.5], "texture": "#0"},
				"west": {"uv": [10, 9, 10.5, 9.5], "texture": "#0"},
				"up": {"uv": [10, 9, 16, 9.5], "texture": "#0"},
				"down": {"uv": [10, 9, 16, 9.5], "texture": "#0"}
			}
		},
		{
			"name": "sniper_7",
			"from": [11, 6, 7],
			"to": [12, 6.5, 7.5],
			"faces": {
				"north": {"uv": [12, 9.5, 11, 10], "texture": "#0"},
				"east": {"uv": [11.5, 9.5, 12, 10], "texture": "#0"},
				"south": {"uv": [11, 9.5, 12, 10], "texture": "#0"},
				"west": {"uv": [11, 9.5, 11.5, 10], "texture": "#0"},
				"up": {"uv": [11, 9.5, 12, 10], "texture": "#0"},
				"down": {"uv": [11, 9.5, 12, 10], "texture": "#0"}
			}
		},
		{
			"name": "sniper_8",
			"from": [14.5, 6, 7],
			"to": [16, 6.5, 7.5],
			"faces": {
				"north": {"uv": [16, 9.5, 14.5, 10], "texture": "#0"},
				"east": {"uv": [15.5, 9.5, 16, 10], "texture": "#0"},
				"south": {"uv": [14.5, 9.5, 16, 10], "texture": "#0"},
				"west": {"uv": [14.5, 9.5, 15, 10], "texture": "#0"},
				"up": {"uv": [14.5, 9.5, 16, 10], "texture": "#0"},
				"down": {"uv": [14.5, 9.5, 16, 10], "texture": "#0"}
			}
		},
		{
			"name": "sniper_9",
			"from": [11, 5.5, 7],
			"to": [12, 6, 7.5],
			"faces": {
				"north": {"uv": [12, 10, 11, 10.5], "texture": "#0"},
				"east": {"uv": [11.5, 10, 12, 10.5], "texture": "#0"},
				"south": {"uv": [11, 10, 12, 10.5], "texture": "#0"},
				"west": {"uv": [11, 10, 11.5, 10.5], "texture": "#0"},
				"up": {"uv": [11, 10, 12, 10.5], "texture": "#0"},
				"down": {"uv": [11, 10, 12, 10.5], "texture": "#0"}
			}
		},
		{
			"name": "sniper_10",
			"from": [11, 5, 7],
			"to": [12, 5.5, 7.5],
			"faces": {
				"north": {"uv": [12, 10.5, 11, 11], "texture": "#0"},
				"east": {"uv": [11.5, 10.5, 12, 11], "texture": "#0"},
				"south": {"uv": [11, 10.5, 12, 11], "texture": "#0"},
				"west": {"uv": [11, 10.5, 11.5, 11], "texture": "#0"},
				"up": {"uv": [11, 10.5, 12, 11], "texture": "#0"},
				"down": {"uv": [11, 10.5, 12, 11], "texture": "#0"}
			}
		},
		{
			"name": "scope_r",
			"from": [8, 9, 7],
			"to": [11.5, 9.5, 7],
			"faces": {
				"north": {"uv": [11.5, 6.5, 8, 7], "texture": "#0"},
				"east": {"uv": [11, 6.5, 11.5, 7], "texture": "#0"},
				"south": {"uv": [8, 6.5, 11.5, 7], "texture": "#0"},
				"west": {"uv": [8, 6.5, 8.5, 7], "texture": "#0"},
				"up": {"uv": [8, 6.5, 11.5, 7], "texture": "#0"},
				"down": {"uv": [8, 6.5, 11.5, 7], "texture": "#0"}
			}
		},
		{
			"name": "scope_l",
			"from": [8, 9, 7.5],
			"to": [11.5, 9.5, 7.5],
			"faces": {
				"north": {"uv": [11.5, 6.5, 8, 7], "texture": "#0"},
				"east": {"uv": [11, 6.5, 11.5, 7], "texture": "#0"},
				"south": {"uv": [8, 6.5, 11.5, 7], "texture": "#0"},
				"west": {"uv": [8, 6.5, 8.5, 7], "texture": "#0"},
				"up": {"uv": [8, 6.5, 11.5, 7], "texture": "#0"},
				"down": {"uv": [8, 6.5, 11.5, 7], "texture": "#0"}
			}
		},
		{
			"name": "scope_u",
			"from": [8, 9.5, 7],
			"to": [11.5, 9.5, 7.5],
			"faces": {
				"north": {"uv": [11.5, 6.5, 8, 7], "texture": "#0"},
				"east": {"uv": [11, 6.5, 11.5, 7], "texture": "#0"},
				"south": {"uv": [8, 6.5, 11.5, 7], "texture": "#0"},
				"west": {"uv": [8, 6.5, 8.5, 7], "texture": "#0"},
				"up": {"uv": [8, 6.5, 11.5, 7], "texture": "#0"},
				"down": {"uv": [8, 6.5, 11.5, 7], "texture": "#0"}
			}
		},
		{
			"name": "scope_d",
			"from": [8, 9, 7],
			"to": [11.5, 9, 7.5],
			"faces": {
				"north": {"uv": [11.5, 6.5, 8, 7], "texture": "#0"},
				"east": {"uv": [11, 6.5, 11.5, 7], "texture": "#0"},
				"south": {"uv": [8, 6.5, 11.5, 7], "texture": "#0"},
				"west": {"uv": [8, 6.5, 8.5, 7], "texture": "#0"},
				"up": {"uv": [8, 6.5, 11.5, 7], "texture": "#0"},
				"down": {"uv": [8, 6.5, 11.5, 7], "texture": "#0"}
			}
		},
		{
			"name": "scope_f",
			"from": [8, 9, 7],
			"to": [8, 9.5, 7.5],
			"faces": {
				"north": {"uv": [11.5, 6.5, 8, 7], "texture": "#0"},
				"east": {"uv": [12, 6.5, 12.5, 7], "texture": "#0"},
				"south": {"uv": [8, 6.5, 11.5, 7], "texture": "#0"},
				"west": {"uv": [12, 6.5, 12.5, 7], "texture": "#0"},
				"up": {"uv": [8, 6.5, 11.5, 7], "texture": "#0"},
				"down": {"uv": [8, 6.5, 11.5, 7], "texture": "#0"}
			}
		},
		{
			"name": "scope_b",
			"from": [11.5, 9, 7],
			"to": [11.5, 9.5, 7.5],
			"faces": {
				"north": {"uv": [11.5, 6.5, 8, 7], "texture": "#0"},
				"east": {"uv": [12, 6.5, 12.5, 7], "texture": "#0"},
				"south": {"uv": [8, 6.5, 11.5, 7], "texture": "#0"},
				"west": {"uv": [12, 6.5, 12.5, 7], "texture": "#0"},
				"up": {"uv": [8, 6.5, 11.5, 7], "texture": "#0"},
				"down": {"uv": [8, 6.5, 11.5, 7], "texture": "#0"}
			}
		}
	],
	"display": {
		"thirdperson_righthand": {
			"rotation": [0, -90, 0],
			"translation": [-1, 2, -4],
			"scale": [1.4, 1.4, 1.6]
		},
		"thirdperson_lefthand": {
			"rotation": [0, -90, 0],
			"translation": [-1.25, -4.75, 9.75],
			"scale": [1.4, 1.4, 1.6]
		},
		"firstperson_righthand": {
			"rotation": [0, -90, 0],
			"translation": [-3, 5, 0.25],
			"scale": [1.4, 1.4, 1.6]
		},
		"firstperson_lefthand": {
			"scale": [0, 0, 0]
		},
		"ground": {
			"rotation": [0, 0, -45],
			"translation": [0, 6, 0]
		},
		"gui": {
			"rotation": [0, 0, -45],
			"translation": [0.25, 0, 0],
			"scale": [1.4, 1.4, 0.8]
		},
		"fixed": {
			"rotation": [0, -180, -45],
			"scale": [1.4, 1.4, 1.4]
		}
	},
	"groups": [
		{
			"name": "sniper",
			"origin": [8, 8, 8],
			"color": 0,
			"children": [
				0,
				1,
				2,
				3,
				4,
				5,
				6,
				7,
				8,
				9,
				{
					"name": "scope",
					"origin": [8, 8, 8],
					"color": 0,
					"children": [10, 11, 12, 13, 14, 15]
				}
			]
		}
	]
}