{
	"credit": "Made with Blockbench",
	"parent": "minecraft:item/handheld_rod",
	"textures": {
		"particle": "item/guns/sniper",
		"layer0": "item/guns/spas12"
	},
	"display": {
		"thirdperson_righthand": {
			"rotation": [0, -90, 0],
			"translation": [0, 1, -6],
			"scale": [1, 0.99, 1]
		},
		"thirdperson_lefthand": {
			"rotation": [0, -90, 0],
			"translation": [0, -5, 7.75]
		},
		"firstperson_righthand": {
			"rotation": [0, -90, 0],
			"translation": [-4.75, 5.5, 1.5],
			"scale": [0.77, 0.77, 0.77]
		},
		"firstperson_lefthand": {
			"scale": [0, 0, 0]
		},
		"ground": {
			"rotation": [0, 0, -45],
			"translation": [0, 3.5, 0]
		},
		"gui": {
			"rotation": [0, 0, -45],
			"translation": [0, 0.25, 0],
			"scale": [1.1, 1.1, 1.1]
		},
		"fixed": {
			"rotation": [0, -180, -45],
			"scale": [1.3, 1.3, 1.3]
		}
	}
}