{
  "model": {
    "type": "minecraft:select",
    "property": "minecraft:custom_model_data",
    "cases": [
      {
        "when": "cal_small",
        "model": {
          "type": "minecraft:model",
          "model": "item/ammo/cal_small"
        }
      },
      {
        "when": "cal_medium",
        "model": {
          "type": "minecraft:model",
          "model": "item/ammo/cal_medium"
        }
      },
      {
        "when": "cal_large",
        "model": {
          "type": "minecraft:model",
          "model": "item/ammo/cal_large"
        }
      },
      {
        "when": "cal_12",
        "model": {
          "type": "minecraft:model",
          "model": "item/ammo/cal_12"
        }
      },
      {
        "when": "gasoline",
        "model": {
          "type": "minecraft:model",
          "model": "item/ammo/gasoline"
        }
      },
      {
        "when": "rocket",
        "model": {
          "type": "minecraft:model",
          "model": "item/ammo/rocket"
        }
      }
    ],
    "fallback": {
      "type": "minecraft:model",
      "model": "minecraft:item/gunpowder"
    }
  }
}