{
  "model": {
    "type": "minecraft:select",
    "property": "minecraft:custom_model_data",
    "cases": [
      {
        "when": "battery",
        "model": {
          "type": "minecraft:model",
          "model": "item/gadgets/battery"
        }
      },
      {
        "when": "scanner",
        "model": {
          "type": "minecraft:model",
          "model": "item/gadgets/scanner"
        }
      }
    ],
    "fallback": {
      "type": "minecraft:model",
      "model": "minecraft:item/raw_copper"
    }
  }
}