{
  "model": {
    "type": "minecraft:select",
    "property": "minecraft:custom_model_data",
    "cases": [
      {
        "when": "mossberg-cs",
        "model": {
          "type": "minecraft:model",
          "model": "item/guns/mossberg-cs"
        }
      },
      {
        "when": "big_gun",
        "model": {
          "type": "minecraft:model",
          "model": "item/guns/big_gun"
        }
      },
      {
        "when": "revolver",
        "model": {
          "type": "minecraft:model",
          "model": "item/guns/revolver"
        }
      },
      {
        "when": "m16",
        "model": {
          "type": "minecraft:model",
          "model": "item/guns/m16"
        }
      },
      {
        "when": "mini-gun",
        "model": {
          "type": "minecraft:model",
          "model": "item/guns/mini-gun"
        }
      },
      {
        "when": "mini-gun_2",
        "model": {
          "type": "minecraft:model",
          "model": "item/guns/mini-gun_2"
        }
      },
      {
        "when": "sniper",
        "model": {
          "type": "minecraft:model",
          "model": "item/guns/sniper"
        }
      },
      {
        "when": "sniper_scope",
        "model": {
          "type": "minecraft:model",
          "model": "item/guns/sniper_scope"
        }
      },
      {
        "when": "machinegun",
        "model": {
          "type": "minecraft:model",
          "model": "item/guns/machinegun"
        }
      },
      {
        "when": "grenade",
        "model": {
          "type": "minecraft:model",
          "model": "item/guns/grenade"
        }
      },
      {
        "when": "lacrymo",
        "model": {
          "type": "minecraft:model",
          "model": "item/guns/lacrymo"
        }
      },
      {
        "when": "smoke_grenade",
        "model": {
          "type": "minecraft:model",
          "model": "item/guns/smoke_grenade"
        }
      },
      {
        "when": "harpoon",
        "model": {
          "type": "minecraft:model",
          "model": "item/guns/harpoon"
        }
      },
      {
        "when": "flamethrower",
        "model": {
          "type": "minecraft:model",
          "model": "item/guns/flamethrower"
        }
      },
      {
        "when": "bazooka",
        "model": {
          "type": "minecraft:model",
          "model": "item/guns/bazooka"
        }
      },
      {
        "when": "lasergun",
        "model": {
          "type": "minecraft:model",
          "model": "item/guns/lasergun"
        }
      },
      {
        "when": "mp5",
        "model": {
          "type": "minecraft:model",
          "model": "item/guns/mp5"
        }
      },
      {
        "when": "glock17",
        "model": {
          "type": "minecraft:model",
          "model": "item/guns/glock17"
        }
      },
      {
        "when": "magnum",
        "model": {
          "type": "minecraft:model",
          "model": "item/guns/magnum"
        }
      },
      {
        "when": "mac10",
        "model": {
          "type": "minecraft:model",
          "model": "item/guns/mac10"
        }
      },
      {
        "when": "m1911",
        "model": {
          "type": "minecraft:model",
          "model": "item/guns/m1911"
        }
      },
      {
        "when": "fn_fnc",
        "model": {
          "type": "minecraft:model",
          "model": "item/guns/fn_fnc"
        }
      },
      {
        "when": "fn_fal",
        "model": {
          "type": "minecraft:model",
          "model": "item/guns/fn_fal"
        }
      },
      {
        "when": "fn_m249",
        "model": {
          "type": "minecraft:model",
          "model": "item/guns/fn_m249"
        }
      },
      {
        "when": "spas12",
        "model": {
          "type": "minecraft:model",
          "model": "item/guns/spas12"
        }
      },
      {
        "when": "usas12",
        "model": {
          "type": "minecraft:model",
          "model": "item/guns/usas12"
        }
      },
      {
        "when": "shotgun12",
        "model": {
          "type": "minecraft:model",
          "model": "item/guns/shotgun12"
        }
      },
      {
        "when": "m1super90",
        "model": {
          "type": "minecraft:model",
          "model": "item/guns/m1super90"
        }
      },
      {
        "when": "aac_hb",
        "model": {
          "type": "minecraft:model",
          "model": "item/guns/aac_hb"
        }
      },
      {
        "when": "luger_p08",
        "model": {
          "type": "minecraft:model",
          "model": "item/guns/luger_p08"
        }
      },
      {
        "when": "hk_usp_match",
        "model": {
          "type": "minecraft:model",
          "model": "item/guns/hk_usp_match"
        }
      },
      {
        "when": "flare_gun",
        "model": {
          "type": "minecraft:model",
          "model": "item/guns/flare_gun"
        }
      },
      {
        "when": "m1866",
        "model": {
          "type": "minecraft:model",
          "model": "item/guns/m1866"
        }
      },
      {
        "when": "m1866_sawed_1",
        "model": {
          "type": "minecraft:model",
          "model": "item/guns/m1866_sawed_1"
        }
      },
      {
        "when": "m1866_sawed_2",
        "model": {
          "type": "minecraft:model",
          "model": "item/guns/m1866_sawed_2"
        }
      },
      {
        "when": "c4_remote",
        "model": {
          "type": "minecraft:model",
          "model": "item/guns/c4_remote"
        }
      },
      {
        "when": "beeper",
        "model": {
          "type": "minecraft:model",
          "model": "item/gadgets/beeper"
        }
      },
      {
        "when": "car",
        "model": {
          "type": "minecraft:model",
          "model": "car"
        }
      }
    ],
    "fallback": {
      "type": "minecraft:model",
      "model": "minecraft:item/raw_iron"
    }
  }
}