{
  "model": {
    "type": "minecraft:select",
    "property": "minecraft:custom_model_data",
    "cases": [
      {
        "when": "tonfa",
        "model": {
          "type": "minecraft:model",
          "model": "item/melee/tonfa"
        }
      },
      {
        "when": "baseball_1",
        "model": {
          "type": "minecraft:model",
          "model": "item/melee/baseball_1"
        }
      }
    ],
    "fallback": {
      "type": "minecraft:model",
      "model": "minecraft:item/wooden_sword"
    }
  }
}