{
	"credit": "Made with Blockbench",
	"textures": {
		"1": "item/gadgets/battery",
		"particle": "item/gadgets/battery"
	},
	"elements": [
		{
			"from": [7, 7, 7],
			"to": [9, 11, 9],
			"faces": {
				"north": {"uv": [1, 4, 3, 8], "texture": "#1"},
				"east": {"uv": [5, 4, 7, 8], "texture": "#1"},
				"south": {"uv": [9, 4, 11, 8], "texture": "#1"},
				"west": {"uv": [13, 4, 15, 8], "texture": "#1"},
				"up": {"uv": [3, 0, 7, 4], "texture": "#1"},
				"down": {"uv": [7, 0, 11, 4], "texture": "#1"}
			}
		}
	],
	"display": {
		"thirdperson_righthand": {
			"rotation": [0, 180, 0],
			"translation": [0, 0.25, 0.75]
		},
		"thirdperson_lefthand": {
			"rotation": [0, 90, 0],
			"translation": [0, 0, 0.75]
		},
		"firstperson_righthand": {
			"rotation": [0, 180, 0],
			"translation": [-1.25, 3.25, 3.5]
		},
		"firstperson_lefthand": {
			"rotation": [0, 90, 0],
			"translation": [-1.25, 3.25, 3.5]
		},
		"ground": {
			"scale": [1.5, 2, 1.5]
		},
		"gui": {
			"rotation": [28, -33, 0],
			"translation": [0, -3, 0],
			"scale": [3, 3.32, 3]
		},
		"fixed": {
			"translation": [0, -2.75, 0],
			"scale": [1, 1.5, 1]
		}
	}
}