{
	"credit": "Made with Blockbench",
	"textures": {
		"particle": "item/guns/sniper",
		"1": "item/gadgets/beeper"
	},
	"elements": [
		{
			"from": [7, 7, 7],
			"to": [12, 12, 12],
			"faces": {
				"north": {"uv": [0, 4, 4, 8], "texture": "#1"},
				"east": {"uv": [4, 4, 8, 8], "texture": "#1"},
				"south": {"uv": [8, 4, 12, 8], "texture": "#1"},
				"west": {"uv": [10, 8.5, 14, 12.5], "texture": "#1"},
				"up": {"uv": [4, 0, 8, 4], "texture": "#1"},
				"down": {"uv": [8, 0, 12, 4], "texture": "#1"}
			}
		}
	],
	"display": {
		"thirdperson_righthand": {
			"rotation": [0, -90, 0],
			"translation": [1, -0.25, 0.5],
			"scale": [0.2, 0.7, 0.7]
		},
		"thirdperson_lefthand": {
			"rotation": [0, 90, 0],
			"translation": [-1, 0.5, 0.5],
			"scale": [0.2, 0.7, 0.7]
		},
		"firstperson_righthand": {
			"rotation": [0, -90, 0],
			"translation": [1, 1.25, 0.5],
			"scale": [0.2, 0.7, 0.7]
		},
		"firstperson_lefthand": {
			"rotation": [0, 90, 0],
			"translation": [-1, 1.25, 0.5],
			"scale": [0.2, 0.7, 0.7]
		},
		"ground": {
			"rotation": [0, -90, 0],
			"scale": [0.2, 0.7, 0.7]
		},
		"gui": {
			"rotation": [22, -123, 0],
			"translation": [3, -3, 0.5],
			"scale": [0.8, 2, 2]
		},
		"fixed": {
			"rotation": [0, 90, 0],
			"translation": [-3, -3, 0.5],
			"scale": [0.67, 2, 2]
		}
	}
}