{
	"credit": "Made with Blockbench",
	"parent": "item/handheld_rod",
	"textures": {
		"layer0": "item/gadgets/grappling_hook"
	},
	"display": {
		"thirdperson_righthand": {
			"rotation": [0, -90, 0],
			"translation": [0, 1, -1.5],
			"scale": [0.5, 0.5, 1]
		},
		"thirdperson_lefthand": {
			"rotation": [0, 90, 0],
			"translation": [0, 0, -1.5],
			"scale": [0.5, 0.5, 1]
		},
		"firstperson_righthand": {
			"rotation": [0, -90, 0],
			"translation": [-0.5, 3.25, 0.75],
			"scale": [0.5, 0.5, 1]
		},
		"firstperson_lefthand": {
			"rotation": [0, 90, 0],
			"translation": [-0.5, 3.25, 0.75],
			"scale": [0.5, 0.5, 1]
		},
		"ground": {
			"rotation": [0, 0, -45],
			"translation": [0, 3, 0],
			"scale": [0.5, 0.5, 1]
		},
		"gui": {
			"rotation": [0, 0, -45],
			"translation": [0, 0.75, 0]
		},
		"fixed": {
			"rotation": [0, -180, -45]
		}
	},
	"groups": [
		{
			"name": "fishing_rod",
			"origin": [8, 8, 8],
			"color": 0,
			"children": []
		}
	]
}