{
	"credit": "Made with Blockbench",
	"textures": {
		"1": "item/gadgets/scanner",
		"particle": "item/gadgets/scanner"
	},
	"elements": [
		{
			"from": [0, 0, 0],
			"to": [3.5, 3, 8],
			"rotation": {"angle": 0, "axis": "y", "origin": [4, 1.5, 4]},
			"faces": {
				"north": {"uv": [4, 4, 8, 7], "texture": "#1"},
				"east": {"uv": [1, 4.5, 2.5, 6.5], "texture": "#1"},
				"south": {"uv": [12, 4, 16, 7], "texture": "#1"},
				"west": {"uv": [9.5, 4.5, 11, 6.5], "texture": "#1"},
				"up": {"uv": [4, 0, 8, 4], "texture": "#1"},
				"down": {"uv": [4, 0, 8, 4], "texture": "#1"}
			}
		}
	],
	"display": {
		"thirdperson_righthand": {
			"rotation": [-90, 0, 0],
			"translation": [6.25, 1.25, -6.25]
		},
		"thirdperson_lefthand": {
			"rotation": [-90, 0, 0],
			"translation": [-6.25, 1.25, -6.25]
		},
		"firstperson_righthand": {
			"rotation": [-58, 0, 0],
			"translation": [7, 7.5, -3.75]
		},
		"firstperson_lefthand": {
			"rotation": [-58, 0, 0],
			"translation": [-5.5, 7.5, -3.75]
		},
		"ground": {
			"translation": [0, 7, 0]
		},
		"gui": {
			"rotation": [28, -33, 0],
			"translation": [4.5, 3.75, 0],
			"scale": [1.5, 1.5, 1.5]
		},
		"head": {
			"translation": [11, 11.75, -6.5],
			"scale": [1.75, 1.75, 1.75]
		},
		"fixed": {
			"rotation": [-90, 0, 0],
			"translation": [12.75, 8.25, -14.75],
			"scale": [2, 2, 2]
		}
	}
}