{
    "sources": [
        {
            "type": "paletted_permutations",
            "textures": [
                "custom_armor_on_armor_trims:trims/entity/humanoid/spacesuit_id",
                "custom_armor_on_armor_trims:trims/entity/humanoid/spacesuit_id_leggings"
            ],
            "palette_key": "custom_armor_on_armor_trims:trims/color_palettes/spacesuit_palette",
            "permutations": {
                "spacesuit_asset": "custom_armor_on_armor_trims:trims/color_palettes/spacesuit_palette"
            }
        },
        {
            "type": "paletted_permutations",
            "textures": [
                "custom_armor_on_armor_trims:trims/entity/humanoid/hazmatsuit_id",
                "custom_armor_on_armor_trims:trims/entity/humanoid/hazmatsuit_id_leggings"
            ],
            "palette_key": "custom_armor_on_armor_trims:trims/color_palettes/hazmatsuit_palette",
            "permutations": {
                "hazmatsuit_asset": "custom_armor_on_armor_trims:trims/color_palettes/hazmatsuit_palette"
            }
        },
        {
            "type": "paletted_permutations",
            "textures": [
                "custom_armor_on_armor_trims:trims/entity/humanoid/mummy_id",
                "custom_armor_on_armor_trims:trims/entity/humanoid/mummy_id_leggings"
            ],
            "palette_key": "custom_armor_on_armor_trims:trims/color_palettes/mummy_palette",
            "permutations": {
                "mummy_asset": "custom_armor_on_armor_trims:trims/color_palettes/mummy_palette"
            }
        },
        {
            "type": "paletted_permutations",
            "textures": [
                "custom_armor_on_armor_trims:trims/entity/humanoid/fred_id",
                "custom_armor_on_armor_trims:trims/entity/humanoid/fred_id_leggings"
            ],
            "palette_key": "custom_armor_on_armor_trims:trims/color_palettes/fred_palette",
            "permutations": {
                "fred_asset": "custom_armor_on_armor_trims:trims/color_palettes/fred_palette"
            }
        },
        {
            "type": "paletted_permutations",
            "textures": [
                "custom_armor_on_armor_trims:trims/entity/humanoid/zombie_id",
                "custom_armor_on_armor_trims:trims/entity/humanoid/zombie_id_leggings"
            ],
            "palette_key": "custom_armor_on_armor_trims:trims/color_palettes/zombie_palette",
            "permutations": {
                "zombie_asset": "custom_armor_on_armor_trims:trims/color_palettes/zombie_palette"
            }
        },
        {
            "type": "paletted_permutations",
            "textures": [
                "custom_armor_on_armor_trims:trims/entity/humanoid/bandit_1_id"
            ],
            "palette_key": "custom_armor_on_armor_trims:trims/color_palettes/bandit_1_palette",
            "permutations": {
                "bandit_1_asset": "custom_armor_on_armor_trims:trims/color_palettes/bandit_1_palette"
            }
        },
        {
            "type": "paletted_permutations",
            "textures": [
                "custom_armor_on_armor_trims:trims/entity/humanoid/bandit_2_id"
            ],
            "palette_key": "custom_armor_on_armor_trims:trims/color_palettes/bandit_2_palette",
            "permutations": {
                "bandit_2_asset": "custom_armor_on_armor_trims:trims/color_palettes/bandit_2_palette"
            }
        },
        {
            "type": "paletted_permutations",
            "textures": [
                "custom_armor_on_armor_trims:trims/entity/humanoid/bandit_3_id"
            ],
            "palette_key": "custom_armor_on_armor_trims:trims/color_palettes/bandit_3_palette",
            "permutations": {
                "bandit_3_asset": "custom_armor_on_armor_trims:trims/color_palettes/bandit_3_palette"
            }
        },
        {
            "type": "paletted_permutations",
            "textures": [
                "custom_armor_on_armor_trims:trims/entity/humanoid/bandit_4_id"
            ],
            "palette_key": "custom_armor_on_armor_trims:trims/color_palettes/bandit_4_palette",
            "permutations": {
                "bandit_4_asset": "custom_armor_on_armor_trims:trims/color_palettes/bandit_4_palette"
            }
        },
        {
            "type": "paletted_permutations",
            "textures": [
                "custom_armor_on_armor_trims:trims/entity/humanoid/bandit_5_id"
            ],
            "palette_key": "custom_armor_on_armor_trims:trims/color_palettes/bandit_5_palette",
            "permutations": {
                "bandit_5_asset": "custom_armor_on_armor_trims:trims/color_palettes/bandit_5_palette"
            }
        },
        {
            "type": "paletted_permutations",
            "textures": [
                "custom_armor_on_armor_trims:trims/entity/humanoid/bandit_6_id"
            ],
            "palette_key": "custom_armor_on_armor_trims:trims/color_palettes/bandit_6_palette",
            "permutations": {
                "bandit_6_asset": "custom_armor_on_armor_trims:trims/color_palettes/bandit_6_palette"
            }
        },
        {
            "type": "paletted_permutations",
            "textures": [
                "custom_armor_on_armor_trims:trims/entity/humanoid/buzz_lightyear_id"
            ],
            "palette_key": "custom_armor_on_armor_trims:trims/color_palettes/buzz_lightyear_palette",
            "permutations": {
                "buzz_lightyear_asset": "custom_armor_on_armor_trims:trims/color_palettes/buzz_lightyear_palette"
            }
        },
        {
            "type": "paletted_permutations",
            "textures": [
                "custom_armor_on_armor_trims:trims/entity/humanoid/cowboy_1_id"
            ],
            "palette_key": "custom_armor_on_armor_trims:trims/color_palettes/cowboy_1_palette",
            "permutations": {
                "cowboy_1_asset": "custom_armor_on_armor_trims:trims/color_palettes/cowboy_1_palette"
            }
        },
        {
            "type": "paletted_permutations",
            "textures": [
                "custom_armor_on_armor_trims:trims/entity/humanoid/cowboy_2_id"
            ],
            "palette_key": "custom_armor_on_armor_trims:trims/color_palettes/cowboy_2_palette",
            "permutations": {
                "cowboy_2_asset": "custom_armor_on_armor_trims:trims/color_palettes/cowboy_2_palette"
            }
        },
        {
            "type": "paletted_permutations",
            "textures": [
                "custom_armor_on_armor_trims:trims/entity/humanoid/cowboy_3_id"
            ],
            "palette_key": "custom_armor_on_armor_trims:trims/color_palettes/cowboy_3_palette",
            "permutations": {
                "cowboy_3_asset": "custom_armor_on_armor_trims:trims/color_palettes/cowboy_3_palette"
            }
        },
        {
            "type": "paletted_permutations",
            "textures": [
                "custom_armor_on_armor_trims:trims/entity/humanoid/cowboy_4_id"
            ],
            "palette_key": "custom_armor_on_armor_trims:trims/color_palettes/cowboy_4_palette",
            "permutations": {
                "cowboy_4_asset": "custom_armor_on_armor_trims:trims/color_palettes/cowboy_4_palette"
            }
        },
        {
            "type": "paletted_permutations",
            "textures": [
                "custom_armor_on_armor_trims:trims/entity/humanoid/cowboy_5_id"
            ],
            "palette_key": "custom_armor_on_armor_trims:trims/color_palettes/cowboy_5_palette",
            "permutations": {
                "cowboy_5_asset": "custom_armor_on_armor_trims:trims/color_palettes/cowboy_5_palette"
            }
        },
        {
            "type": "paletted_permutations",
            "textures": [
                "custom_armor_on_armor_trims:trims/entity/humanoid/cowboy_6_id"
            ],
            "palette_key": "custom_armor_on_armor_trims:trims/color_palettes/cowboy_6_palette",
            "permutations": {
                "cowboy_6_asset": "custom_armor_on_armor_trims:trims/color_palettes/cowboy_6_palette"
            }
        },
        {
            "type": "paletted_permutations",
            "textures": [
                "custom_armor_on_armor_trims:trims/entity/humanoid/cowboy_7_id"
            ],
            "palette_key": "custom_armor_on_armor_trims:trims/color_palettes/cowboy_7_palette",
            "permutations": {
                "cowboy_7_asset": "custom_armor_on_armor_trims:trims/color_palettes/cowboy_7_palette"
            }
        },
        {
            "type": "paletted_permutations",
            "textures": [
                "custom_armor_on_armor_trims:trims/entity/humanoid/burglar_1_id"
            ],
            "palette_key": "custom_armor_on_armor_trims:trims/color_palettes/burglar_1_palette",
            "permutations": {
                "burglar_1_asset": "custom_armor_on_armor_trims:trims/color_palettes/burglar_1_palette"
            }
        },
        {
            "type": "paletted_permutations",
            "textures": [
                "custom_armor_on_armor_trims:trims/entity/humanoid/burglar_2_id"
            ],
            "palette_key": "custom_armor_on_armor_trims:trims/color_palettes/burglar_2_palette",
            "permutations": {
                "burglar_2_asset": "custom_armor_on_armor_trims:trims/color_palettes/burglar_2_palette"
            }
        },
        {
            "type": "paletted_permutations",
            "textures": [
                "custom_armor_on_armor_trims:trims/entity/humanoid/police_1_id"
            ],
            "palette_key": "custom_armor_on_armor_trims:trims/color_palettes/police_1_palette",
            "permutations": {
                "police_1_asset": "custom_armor_on_armor_trims:trims/color_palettes/police_1_palette"
            }
        },
        {
            "type": "paletted_permutations",
            "textures": [
                "custom_armor_on_armor_trims:trims/entity/humanoid/police_2_id"
            ],
            "palette_key": "custom_armor_on_armor_trims:trims/color_palettes/police_2_palette",
            "permutations": {
                "police_2_asset": "custom_armor_on_armor_trims:trims/color_palettes/police_2_palette"
            }
        },
        {
            "type": "paletted_permutations",
            "textures": [
                "custom_armor_on_armor_trims:trims/entity/humanoid/robber_1_id"
            ],
            "palette_key": "custom_armor_on_armor_trims:trims/color_palettes/robber_1_palette",
            "permutations": {
                "robber_1_asset": "custom_armor_on_armor_trims:trims/color_palettes/robber_1_palette"
            }
        },
        {
            "type": "paletted_permutations",
            "textures": [
                "custom_armor_on_armor_trims:trims/entity/humanoid/robber_2_id"
            ],
            "palette_key": "custom_armor_on_armor_trims:trims/color_palettes/robber_2_palette",
            "permutations": {
                "robber_2_asset": "custom_armor_on_armor_trims:trims/color_palettes/robber_2_palette"
            }
        },
        {
            "type": "paletted_permutations",
            "textures": [
                "custom_armor_on_armor_trims:trims/entity/humanoid/spec_ops_1_id"
            ],
            "palette_key": "custom_armor_on_armor_trims:trims/color_palettes/spec_ops_1_palette",
            "permutations": {
                "spec_ops_1_asset": "custom_armor_on_armor_trims:trims/color_palettes/spec_ops_1_palette"
            }
        },
        {
            "type": "paletted_permutations",
            "textures": [
                "custom_armor_on_armor_trims:trims/entity/humanoid/spec_ops_2_id"
            ],
            "palette_key": "custom_armor_on_armor_trims:trims/color_palettes/spec_ops_2_palette",
            "permutations": {
                "spec_ops_2_asset": "custom_armor_on_armor_trims:trims/color_palettes/spec_ops_2_palette"
            }
        }
    ]
}