{
    "sources": [
        {
            "type": "directory",
            "source": "trims/items",
            "prefix": "trims/items/"
        },
        {
            "type": "paletted_permutations",
            "textures": [
                "custom_armor_on_armor_trims:trims/items/spacesuit_leggings",
                "custom_armor_on_armor_trims:trims/items/spacesuit_chestplate",
                "custom_armor_on_armor_trims:trims/items/spacesuit_helmet",
                "custom_armor_on_armor_trims:trims/items/spacesuit_boots"
            ],
            "palette_key": "custom_armor_on_armor_trims:trims/color_palettes/spacesuit_palette",
            "permutations": {
                "spacesuit_asset": "custom_armor_on_armor_trims:trims/color_palettes/spacesuit_palette"
            }
        },
        {
            "type": "paletted_permutations",
            "textures": [
                "custom_armor_on_armor_trims:trims/items/hazmatsuit_leggings",
                "custom_armor_on_armor_trims:trims/items/hazmatsuit_chestplate",
                "custom_armor_on_armor_trims:trims/items/hazmatsuit_helmet",
                "custom_armor_on_armor_trims:trims/items/hazmatsuit_boots"
            ],
            "palette_key": "custom_armor_on_armor_trims:trims/color_palettes/hazmatsuit_palette",
            "permutations": {
                "hazmatsuit_asset": "custom_armor_on_armor_trims:trims/color_palettes/hazmatsuit_palette"
            }
        },
        {
            "type": "paletted_permutations",
            "textures": [
                "custom_armor_on_armor_trims:trims/items/jet_boots"
            ],
            "palette_key": "custom_armor_on_armor_trims:trims/color_palettes/buzz_lightyear_palette",
            "permutations": {
                "buzz_lightyear_asset": "custom_armor_on_armor_trims:trims/color_palettes/buzz_lightyear_palette"
            }
        }
    ]
}