{
  "guns.generic.bullet_ricochet": {
    "sounds": [
      {
        "name": "guns/generic/bullet_ricochet_classic",
        "volume": 1.0
      },
      {
        "name": "guns/generic/bullet_ricochet_classic",
        "volume": 1.0,
        "pitch": 0.95
      },
      {
        "name": "guns/generic/bullet_ricochet_classic",
        "volume": 1.0,
        "pitch": 0.85
      }
    ],
    "subtitle": "Bullet Ricochet"
  },
    "guns.generic.dry_fire": {
    "sounds": [
      {
        "name": "guns/generic/dry_fire",
        "volume": 1.0
      },
      {
        "name": "guns/generic/dry_fire",
        "volume": 1.0,
        "pitch": 0.99
      },
      {
        "name": "guns/generic/dry_fire",
        "volume": 1.0,
        "pitch": 0.98
      }
    ],
    "subtitle": "Dry fire"
  },
    "guns.bazooka.full": {
    "sounds": [
      {
        "name": "guns/bazooka_full",
        "volume": 1.0
      }
    ],
    "subtitle": "Bazooka Full"
  },
  "guns.bazooka.reloading": {
    "sounds": [
      {
        "name": "guns/bazooka_reloading",
        "volume": 1.0
      },
      {
        "name": "guns/bazooka_reloading",
        "volume": 1.0,
        "pitch": 0.97
      },
      {
        "name": "guns/bazooka_reloading",
        "volume": 1.0,
        "pitch": 0.94
      }
    ],
    "subtitle": "Bazooka Reloading"
  },
  "guns.bazooka.shoot": {
    "sounds": [
      {
        "name": "guns/bazooka_shoot",
        "volume": 1.0
      },
      {
        "name": "guns/bazooka_shoot",
        "volume": 1.0,
        "pitch": 0.98
      },
      {
        "name": "guns/bazooka_shoot",
        "volume": 1.0,
        "pitch": 0.96
      }
    ],
    "subtitle": "Bazooka Shoot"
  },
  "guns.magnum.full": {
    "sounds": [
      {
        "name": "guns/magnum_full",
        "volume": 1.0
      }
    ],
    "subtitle": "Big Revolver Full"
  },
  "guns.magnum.reloading": {
    "sounds": [
      {
        "name": "guns/magnum_reloading",
        "volume": 1.0
      },
      {
        "name": "guns/magnum_reloading",
        "volume": 1.0,
        "pitch": 0.975
      },
      {
        "name": "guns/magnum_reloading",
        "volume": 1.0,
        "pitch": 0.95
      }
    ],
    "subtitle": "Big Revolver Reloading"
  },
  "guns.magnum.shoot": {
    "sounds": [
      {
        "name": "guns/magnum_shoot",
        "volume": 1.0
      },
      {
        "name": "guns/magnum_shoot",
        "volume": 1.0,
        "pitch": 0.98
      },
      {
        "name": "guns/magnum_shoot",
        "volume": 1.0,
        "pitch": 0.96
      }
    ],
    "subtitle": "Big Revolver Shoot"
  },
  "guns.flamethrower.full": {
    "sounds": [
      {
        "name": "guns/flamethrower_full",
        "volume": 1.0
      }
    ],
    "subtitle": "Flamethrower Full"
  },
  "guns.flamethrower.reloading": {
    "sounds": [
      {
        "name": "guns/flamethrower_reloading",
        "volume": 1.0
      },
      {
        "name": "guns/flamethrower_reloading",
        "volume": 1.0,
        "pitch": 0.95
      },
      {
        "name": "guns/flamethrower_reloading",
        "volume": 1.0,
        "pitch": 0.90
      }
    ],
    "subtitle": "Flamethrower Reloading"
  },
  "guns.flaregun.full": {
    "sounds": [
      {
        "name": "guns/flaregun_full",
        "volume": 1.0
      }
    ],
    "subtitle": "Flare Gun Full"
  },
  "guns.flaregun.reloading": {
    "sounds": [
      {
        "name": "guns/flaregun_reloading",
        "volume": 1.0
      },
      {
        "name": "guns/flaregun_reloading",
        "volume": 1.0,
        "pitch": 0.95
      },
      {
        "name": "guns/flaregun_reloading",
        "volume": 1.0,
        "pitch": 0.90
      }
    ],
    "subtitle": "Flare Gun Reloading"
  },
  "guns.flaregun.shoot": {
    "sounds": [
      {
        "name": "guns/flaregun_shoot",
        "volume": 1.0
      },
      {
        "name": "guns/flaregun_shoot",
        "volume": 1.0,
        "pitch": 0.98
      },
      {
        "name": "guns/flaregun_shoot",
        "volume": 1.0,
        "pitch": 0.96
      }
    ],
    "subtitle": "Flare Gun Shoot"
  },
  "guns.fn_fal.full": {
    "sounds": [
      {
        "name": "guns/fn_fal_full",
        "volume": 1.0
      }
    ],
    "subtitle": "FN FAL Full"
  },
    "guns.fn_fal.reloading": {
    "sounds": [
      {
        "name": "guns/fn_fal_reloading",
        "volume": 1.0
      },
      {
        "name": "guns/fn_fal_reloading",
        "volume": 1.0,
        "pitch": 0.98
      },
      {
        "name": "guns/fn_fal_reloading",
        "volume": 1.0,
        "pitch": 0.96
      }
    ],
    "subtitle": "FN FAL Reloading"
  },
    "guns.fn_fal.shoot": {
    "sounds": [
      {
        "name": "guns/fn_fal_shoot",
        "volume": 1.0
      },
      {
        "name": "guns/fn_fal_shoot",
        "volume": 1.0,
        "pitch": 0.98
      },
      {
        "name": "guns/fn_fal_shoot",
        "volume": 1.0,
        "pitch": 0.96
      }
    ],
    "subtitle": "FN FAL Shoot"
  },
  "guns.fn_fnc.full": {
    "sounds": [
      {
        "name": "guns/fn_fnc_full",
        "volume": 1.0
      }
    ],
    "subtitle": "FN FNC Full"
  },
    "guns.fn_fnc.reloading": {
    "sounds": [
      {
        "name": "guns/fn_fnc_reloading",
        "volume": 1.0
      },
      {
        "name": "guns/fn_fnc_reloading",
        "volume": 1.0,
        "pitch": 0.98
      },
      {
        "name": "guns/fn_fnc_reloading",
        "volume": 1.0,
        "pitch": 0.96
      }
    ],
    "subtitle": "FN FNC Reloading"
  },
    "guns.fn_fnc.shoot": {
    "sounds": [
      {
        "name": "guns/fn_fnc_shoot",
        "volume": 1.0
      },
      {
        "name": "guns/fn_fnc_shoot",
        "volume": 1.0,
        "pitch": 0.98
      },
      {
        "name": "guns/fn_fnc_shoot",
        "volume": 1.0,
        "pitch": 0.96
      }
    ],
    "subtitle": "FN FNC Shoot"
  },
    "guns.fn_fnc.shoot_npc": {
    "sounds": [
      {
        "name": "guns/fn_fnc_shoot_npc",
        "volume": 1.0
      },
      {
        "name": "guns/fn_fnc_shoot_npc",
        "volume": 1.0,
        "pitch": 0.98
      },
      {
        "name": "guns/fn_fnc_shoot_npc",
        "volume": 1.0,
        "pitch": 0.96
      }
    ],
    "subtitle": "FN FNC Shoot NPC"
  },
  "guns.glock.full": {
    "sounds": [
      {
        "name": "guns/glock_full",
        "volume": 1.0
      }
    ],
    "subtitle": "Glock Full"
  },
  "guns.glock.reloading": {
    "sounds": [
      {
        "name": "guns/glock_reloading",
        "volume": 1.0
      },
      {
        "name": "guns/glock_reloading",
        "volume": 1.0,
        "pitch": 0.95
      },
      {
        "name": "guns/glock_reloading",
        "volume": 1.0,
        "pitch": 0.90
      }
    ],
    "subtitle": "Glock Reloading"
  },
  "guns.glock.shoot": {
    "sounds": [
      {
        "name": "guns/glock_shoot",
        "volume": 1.0
      },
      {
        "name": "guns/glock_shoot",
        "volume": 1.0,
        "pitch": 0.98
      },
      {
        "name": "guns/glock_shoot",
        "volume": 1.0,
        "pitch": 0.96
      }
    ],
    "subtitle": "Glock Shoot"
  },
    "guns.lasergun.shoot": {
    "sounds": [
      {
        "name": "guns/lasergun_shoot",
        "volume": 1.0,
        "pitch": 0.55
      },
      {
        "name": "guns/lasergun_shoot",
        "volume": 1.0,
        "pitch": 0.54
      },
      {
        "name": "guns/lasergun_shoot",
        "volume": 1.0,
        "pitch": 0.53
      }
    ],
    "subtitle": "Lasergun Shoot"
  },
    "guns.m16.full": {
    "sounds": [
      {
        "name": "guns/m16_full",
        "volume": 1.0
      }
    ],
    "subtitle": "M16 Full"
  },
    "guns.m16.reloading": {
    "sounds": [
      {
        "name": "guns/m16_reloading",
        "volume": 1.0
      },
      {
        "name": "guns/m16_reloading",
        "volume": 1.0,
        "pitch": 0.97
      },
      {
        "name": "guns/m16_reloading",
        "volume": 1.0,
        "pitch": 0.94
      }
    ],
    "subtitle": "M16 Reloading"
  },
    "guns.m16.shoot": {
    "sounds": [
      {
        "name": "guns/m16_shoot",
        "volume": 1.0
      },
      {
        "name": "guns/m16_shoot",
        "volume": 1.0,
        "pitch": 0.98
      },
      {
        "name": "guns/m16_shoot",
        "volume": 1.0,
        "pitch": 0.96
      }
    ],
    "subtitle": "M16 Shoot"
  },
    "guns.m16.shoot_npc": {
    "sounds": [
      {
        "name": "guns/m16_shoot_npc",
        "volume": 1.0
      },
      {
        "name": "guns/m16_shoot_npc",
        "volume": 1.0,
        "pitch": 0.98
      },
      {
        "name": "guns/m16_shoot_npc",
        "volume": 1.0,
        "pitch": 0.96
      }
    ],
    "subtitle": "M16 Shoot NPC"
  },
  "guns.m1866.full": {
    "sounds": [
      {
        "name": "guns/m1866_full",
        "volume": 1.0
      }
    ],
    "subtitle": "M1866 Full"
  },
  "guns.m1866.reloading": {
    "sounds": [
      {
        "name": "guns/m1866_reloading",
        "volume": 1.0
      },
      {
        "name": "guns/m1866_reloading",
        "volume": 1.0,
        "pitch": 0.96
      },
      {
        "name": "guns/m1866_reloading",
        "volume": 1.0,
        "pitch": 0.93
      }
    ],
    "subtitle": "M1866 Reloading"
  },
  "guns.m1866.shoot": {
    "sounds": [
      {
        "name": "guns/m1866_shoot",
        "volume": 1.0
      },
      {
        "name": "guns/m1866_shoot",
        "volume": 1.0,
        "pitch": 0.98
      },
      {
        "name": "guns/m1866_shoot",
        "volume": 1.0,
        "pitch": 0.96
      }
    ],
    "subtitle": "M1866 Shoot"
  },
  "guns.m1911.full": {
    "sounds": [
      {
        "name": "guns/m1911_full",
        "volume": 1.0
      }
    ],
    "subtitle": "M1911 Full"
  },
  "guns.m1911.reloading": {
    "sounds": [
      {
        "name": "guns/m1911_reloading",
        "volume": 1.0
      },
      {
        "name": "guns/m1911_reloading",
        "volume": 1.0,
        "pitch": 0.95
      },
      {
        "name": "guns/m1911_reloading",
        "volume": 1.0,
        "pitch": 0.90
      }
    ],
    "subtitle": "M1911 Reloading"
  },
  "guns.m1911.shoot": {
    "sounds": [
      {
        "name": "guns/m1911_shoot",
        "volume": 1.0
      },
      {
        "name": "guns/m1911_shoot",
        "volume": 1.0,
        "pitch": 0.98
      },
      {
        "name": "guns/m1911_shoot",
        "volume": 1.0,
        "pitch": 0.96
      }
    ],
    "subtitle": "M1911 Shoot"
  },
  "guns.m1super90.full": {
    "sounds": [
      {
        "name": "guns/m1super90_full",
        "volume": 1.0
      }
    ],
    "subtitle": "M1 Super 90 Full"
  },
  "guns.m1super90.reloading": {
    "sounds": [
      {
        "name": "guns/m1super90_reloading",
        "volume": 1.0
      },
      {
        "name": "guns/m1super90_reloading",
        "volume": 1.0,
        "pitch": 0.95
      },
      {
        "name": "guns/m1super90_reloading",
        "volume": 1.0,
        "pitch": 0.90
      }
    ],
    "subtitle": "M1 Super 90 Reloading"
  },
  "guns.m1super90.shoot": {
    "sounds": [
      {
        "name": "guns/m1super90_shoot",
        "volume": 1.0
      },
      {
        "name": "guns/m1super90_shoot",
        "volume": 1.0,
        "pitch": 0.98
      },
      {
        "name": "guns/m1super90_shoot",
        "volume": 1.0,
        "pitch": 0.96
      }
    ],
    "subtitle": "M1 Super 90 Shoot"
  },
  "guns.mac10.full": {
    "sounds": [
      {
        "name": "guns/mac10_full",
        "volume": 1.0
      }
    ],
    "subtitle": "Auto Pistol Full"
  },
    "guns.mac10.reloading": {
    "sounds": [
      {
        "name": "guns/mac10_reloading",
        "volume": 1.0
      },
      {
        "name": "guns/mac10_reloading",
        "volume": 1.0,
        "pitch": 0.98
      },
      {
        "name": "guns/mac10_reloading",
        "volume": 1.0,
        "pitch": 0.96
      }
    ],
    "subtitle": "Auto Pistol Reloading"
  },
    "guns.mac10.shoot": {
    "sounds": [
      {
        "name": "guns/mac10_shoot",
        "volume": 1.0
      },
      {
        "name": "guns/mac10_shoot",
        "volume": 1.0,
        "pitch": 0.98
      },
      {
        "name": "guns/mac10_shoot",
        "volume": 1.0,
        "pitch": 0.96
      }
    ],
    "subtitle": "Auto Pistol Shoot"
  },
    "guns.mac10.shoot_npc": {
    "sounds": [
      {
        "name": "guns/mac10_shoot_npc",
        "volume": 1.0
      },
      {
        "name": "guns/mac10_shoot_npc",
        "volume": 1.0,
        "pitch": 0.98
      },
      {
        "name": "guns/mac10_shoot_npc",
        "volume": 1.0,
        "pitch": 0.96
      }
    ],
    "subtitle": "Auto Pistol Shoot NPC"
  },
    "guns.machinegun.full": {
    "sounds": [
      {
        "name": "guns/machinegun_full",
        "volume": 1.0
      }
    ],
    "subtitle": "Machinegun Full"
  },
    "guns.machinegun.reloading": {
    "sounds": [
      {
        "name": "guns/machinegun_reloading",
        "volume": 1.0
      },
      {
        "name": "guns/machinegun_reloading",
        "volume": 1.0,
        "pitch": 0.98
      },
      {
        "name": "guns/machinegun_reloading",
        "volume": 1.0,
        "pitch": 0.96
      }
    ],
    "subtitle": "Machinegun Reloading"
  },
    "guns.machinegun.shoot": {
    "sounds": [
      {
        "name": "guns/machinegun_shoot",
        "volume": 1.0
      },
      {
        "name": "guns/machinegun_shoot",
        "volume": 1.0,
        "pitch": 0.98
      },
      {
        "name": "guns/machinegun_shoot",
        "volume": 1.0,
        "pitch": 0.96
      }
    ],
    "subtitle": "Machinegun Shoot"
  },
    "guns.machinegun.shoot_npc": {
    "sounds": [
      {
        "name": "guns/machinegun_shoot_npc",
        "volume": 1.0
      },
      {
        "name": "guns/machinegun_shoot_npc",
        "volume": 1.0,
        "pitch": 0.98
      },
      {
        "name": "guns/machinegun_shoot_npc",
        "volume": 1.0,
        "pitch": 0.96
      }
    ],
    "subtitle": "Machinegun Shoot NPC"
  },
    "guns.minigun.full": {
    "sounds": [
      {
        "name": "guns/minigun_full",
        "volume": 1.0
      }
    ],
    "subtitle": "Minigun Full"
  },
    "guns.minigun.reloading": {
    "sounds": [
      {
        "name": "guns/minigun_reloading",
        "volume": 1.0
      },
      {
        "name": "guns/minigun_reloading",
        "volume": 1.0,
        "pitch": 0.97
      },
      {
        "name": "guns/minigun_reloading",
        "volume": 1.0,
        "pitch": 0.94
      }
    ],
    "subtitle": "Minigun Reloading"
  },
    "guns.minigun.shoot": {
    "sounds": [
      {
        "name": "guns/minigun_shoot",
        "volume": 1.0
      },
      {
        "name": "guns/minigun_shoot",
        "volume": 1.0,
        "pitch": 0.98
      },
      {
        "name": "guns/minigun_shoot",
        "volume": 1.0,
        "pitch": 0.96
      }
    ],
    "subtitle": "Minigun Shoot"
  },
    "guns.minigun.shoot_npc": {
    "sounds": [
      {
        "name": "guns/minigun_shoot_npc",
        "volume": 1.0
      },
      {
        "name": "guns/minigun_shoot_npc",
        "volume": 1.0,
        "pitch": 0.98
      },
      {
        "name": "guns/minigun_shoot_npc",
        "volume": 1.0,
        "pitch": 0.96
      }
    ],
    "subtitle": "Minigun Shoot NPC"
  },
    "guns.mossberg.pump": {
    "sounds": [
      {
        "name": "guns/mossberg_pump",
        "volume": 1.0
      }
    ],
    "subtitle": "Mossberg Pump"
  },
    "guns.mossberg.reloading": {
    "sounds": [
      {
        "name": "guns/mossberg_reloading",
        "volume": 1.0
      },
      {
        "name": "guns/mossberg_reloading",
        "volume": 1.0,
        "pitch": 0.97
      },
      {
        "name": "guns/mossberg_reloading",
        "volume": 1.0,
        "pitch": 0.94
      }
    ],
    "subtitle": "Mossberg Reloading"
  },
    "guns.mossberg.shoot": {
    "sounds": [
      {
        "name": "guns/mossberg_shoot",
        "volume": 1.0
      },
      {
        "name": "guns/mossberg_shoot",
        "volume": 1.0,
        "pitch": 0.98
      },
      {
        "name": "guns/mossberg_shoot",
        "volume": 1.0,
        "pitch": 0.96
      }
    ],
    "subtitle": "Mossberg Shoot"
  },
    "guns.mp5.full": {
    "sounds": [
      {
        "name": "guns/mp5_full",
        "volume": 1.0
      }
    ],
    "subtitle": "MP5 Full"
  },
    "guns.mp5.reloading": {
    "sounds": [
      {
        "name": "guns/mp5_reloading",
        "volume": 1.0
      },
      {
        "name": "guns/mp5_reloading",
        "volume": 1.0,
        "pitch": 0.97
      },
      {
        "name": "guns/mp5_reloading",
        "volume": 1.0,
        "pitch": 0.94
      }
    ],
    "subtitle": "MP5 Reloading"
  },
    "guns.mp5.shoot": {
    "sounds": [
      {
        "name": "guns/mp5_shoot",
        "volume": 1.0
      },
      {
        "name": "guns/mp5_shoot",
        "volume": 1.0,
        "pitch": 0.98
      },
      {
        "name": "guns/mp5_shoot",
        "volume": 1.0,
        "pitch": 0.96
      }
    ],
    "subtitle": "MP5 Shoot"
  },
    "guns.mp5.shoot_npc": {
    "sounds": [
      {
        "name": "guns/mp5_shoot_npc",
        "volume": 1.0
      },
      {
        "name": "guns/mp5_shoot_npc",
        "volume": 1.0,
        "pitch": 0.98
      },
      {
        "name": "guns/mp5_shoot_npc",
        "volume": 1.0,
        "pitch": 0.96
      }
    ],
    "subtitle": "MP5 Shoot NPC"
  },
      "gadgets.night_goggles": {
    "sounds": [
      {
        "name": "gadgets/night_goggles",
        "volume": 1.0
      }
    ],
    "subtitle": "Night Goggles ON"
  },
    "guns.revolver.full": {
    "sounds": [
      {
        "name": "guns/revolver_full",
        "volume": 1.0
      }
    ],
    "subtitle": "Revolver Full"
  },
    "guns.revolver.reloading": {
    "sounds": [
      {
        "name": "guns/revolver_reloading",
        "volume": 1.0
      },
      {
        "name": "guns/revolver_reloading",
        "volume": 1.0,
        "pitch": 0.97
      },
      {
        "name": "guns/revolver_reloading",
        "volume": 1.0,
        "pitch": 0.94
      }
    ],
    "subtitle": "Revolver Reloading"
  },
    "guns.revolver.shoot": {
    "sounds": [
      {
        "name": "guns/revolver_shoot",
        "volume": 1.0
      },
      {
        "name": "guns/revolver_shoot",
        "volume": 1.0,
        "pitch": 0.98
      },
      {
        "name": "guns/revolver_shoot",
        "volume": 1.0,
        "pitch": 0.96
      }
    ],
    "subtitle": "Revolver Shoot"
  },
  "guns.shotgun12.full": {
    "sounds": [
      {
        "name": "guns/shotgun12_full",
        "volume": 1.0
      }
    ],
    "subtitle": "Shotgun12 Full"
  },
  "guns.shotgun12.reloading": {
    "sounds": [
      {
        "name": "guns/shotgun12_reloading",
        "volume": 1.0
      },
      {
        "name": "guns/shotgun12_reloading",
        "volume": 1.0,
        "pitch": 0.95
      },
      {
        "name": "guns/shotgun12_reloading",
        "volume": 1.0,
        "pitch": 0.90
      }
    ],
    "subtitle": "Shotgun12 Reloading"
  },
  "guns.shotgun12.shoot": {
    "sounds": [
      {
        "name": "guns/shotgun12_shoot",
        "volume": 1.0
      },
      {
        "name": "guns/shotgun12_shoot",
        "volume": 1.0,
        "pitch": 0.98
      },
      {
        "name": "guns/shotgun12_shoot",
        "volume": 1.0,
        "pitch": 0.96
      }
    ],
    "subtitle": "Shotgun12 Shoot"
  },
    "guns.sniper.full": {
    "sounds": [
      {
        "name": "guns/sniper_full",
        "volume": 1.0
      }
    ],
    "subtitle": "Sniper Full"
  },
    "guns.sniper.reloading": {
    "sounds": [
      {
        "name": "guns/sniper_reloading",
        "volume": 1.0
      },
      {
        "name": "guns/sniper_reloading",
        "volume": 1.0,
        "pitch": 0.97
      },
      {
        "name": "guns/sniper_reloading",
        "volume": 1.0,
        "pitch": 0.94
      }
    ],
    "subtitle": "Sniper Reloading"
  },
    "guns.sniper.shoot": {
    "sounds": [
      {
        "name": "guns/sniper_shoot",
        "volume": 1.0
      },
      {
        "name": "guns/sniper_shoot",
        "volume": 1.0,
        "pitch": 0.98
      },
      {
        "name": "guns/sniper_shoot",
        "volume": 1.0,
        "pitch": 0.96
      }
    ],
    "subtitle": "Sniper Shoot"
  },
      "gadgets.sonar_goggles": {
    "sounds": [
      {
        "name": "gadgets/sonar_goggles",
        "volume": 1.0
      }
    ],
    "subtitle": "Sonar Goggles ON"
  },
    "guns.speargun.full": {
    "sounds": [
      {
        "name": "guns/speargun_full",
        "volume": 1.0
      }
    ],
    "subtitle": "Speargun Full"
  },
  "guns.speargun.reloading": {
    "sounds": [
      {
        "name": "guns/speargun_reloading",
        "volume": 1.0
      },
      {
        "name": "guns/speargun_reloading",
        "volume": 1.0,
        "pitch": 0.97
      },
      {
        "name": "guns/speargun_reloading",
        "volume": 1.0,
        "pitch": 0.94
      }
    ],
    "subtitle": "Speargun Reloading"
  },
  "guns.speargun.shoot": {
    "sounds": [
      {
        "name": "guns/speargun_shoot",
        "volume": 1.0
      },
      {
        "name": "guns/speargun_shoot",
        "volume": 1.0,
        "pitch": 0.98
      },
      {
        "name": "guns/speargun_shoot",
        "volume": 1.0,
        "pitch": 0.96
      }
    ],
    "subtitle": "Speargun Shoot"
  }
}
