{
	"credit": "Made with Blockbench",
	"parent": "minecraft:item/handheld",
	"textures": {
		"layer0": "item/melee/baseball_1"
	},
	"display": {
		"thirdperson_righthand": {
			"rotation": [0, -90, 45],
			"translation": [0, 4.75, 1.25]
		},
		"thirdperson_lefthand": {
			"rotation": [0, -90, -45],
			"translation": [0, 4.75, 1.25]
		},
		"firstperson_righthand": {
			"rotation": [-50, -90, -15],
			"translation": [1.5, 2.75, 1.25]
		},
		"firstperson_lefthand": {
			"rotation": [-50, 90, 15],
			"translation": [1.75, 2.75, 1.25]
		},
		"ground": {
			"translation": [0, 6, 0]
		},
		"fixed": {
			"rotation": [0, 180, 0]
		}
	}
}