{
	"credit": "Made with Blockbench",
	"texture_size": [32, 32],
	"textures": {
		"0": "item/texture_down",
		"1": "item/texture_up",
		"particle": "item/texture_down"
	},
	"elements": [
		{
			"from": [5, 0, 0],
			"to": [17, 6, 32],
			"rotation": {"angle": 0, "axis": "y", "origin": [5, 0, 16]},
			"faces": {
				"north": {"uv": [0, 2, 2, 4], "texture": "#0"},
				"east": {"uv": [2, 0, 4, 2], "texture": "#0"},
				"south": {"uv": [2, 2, 4, 4], "texture": "#0"},
				"west": {"uv": [0, 0, 2, 2], "texture": "#0"},
				"up": {"uv": [2, 6, 0, 4], "rotation": 270, "texture": "#0"},
				"down": {"uv": [6, 0, 4, 2], "rotation": 90, "texture": "#0"}
			}
		},
		{
			"from": [5, 6, 8],
			"to": [17, 12, 26],
			"rotation": {"angle": 0, "axis": "y", "origin": [7, 6, 13]},
			"faces": {
				"north": {"uv": [4.5, 3, 7.5, 4.5], "texture": "#1"},
				"east": {"uv": [4.5, 1.5, 9, 3], "texture": "#1"},
				"south": {"uv": [4.5, 4.5, 7.5, 6], "texture": "#1"},
				"west": {"uv": [4.5, 0, 9, 1.5], "texture": "#1"},
				"up": {"uv": [4.5, 3, 0, 0], "rotation": 270, "texture": "#1"},
				"down": {"uv": [4.5, 3, 0, 6], "rotation": 90, "texture": "#1"}
			}
		}
	],
	"display": {
		"thirdperson_righthand": {
			"rotation": [54.5, 0, 0],
			"translation": [-16.75, 31.75, -2.5],
			"scale": [3, 3, 3]
		},
		"head": {
			"translation": [1, 1, 1],
			"scale": [4, 4, 4]
		}
	}
}