{
	"credit": "Made with Blockbench",
	"textures": {
		"particle": "item/ammo/gasoline",
		"1": "item/ammo/gasoline"
	},
	"elements": [
		{
			"from": [7, 7, 7],
			"to": [8, 10, 9],
			"faces": {
				"north": {"uv": [12, 4, 16, 8], "texture": "#1"},
				"east": {"uv": [8, 4, 12, 8], "texture": "#1"},
				"south": {"uv": [4, 4, 8, 8], "texture": "#1"},
				"west": {"uv": [0, 4, 4, 8], "texture": "#1"},
				"up": {"uv": [4, 0, 8, 4], "texture": "#1"},
				"down": {"uv": [8, 0, 12, 4], "texture": "#1"}
			}
		}
	],
	"display": {
		"thirdperson_righthand": {
			"rotation": [0, 180, 0],
			"translation": [-1, -3, -1.25],
			"scale": [2.5, 3, 3]
		},
		"thirdperson_lefthand": {
			"rotation": [0, 180, 0],
			"translation": [1, -3, -1.25],
			"scale": [2.5, 3, 3]
		},
		"firstperson_righthand": {
			"rotation": [0, 180, 0],
			"translation": [-4.25, 0.75, 3.5],
			"scale": [2.5, 3, 3]
		},
		"firstperson_lefthand": {
			"rotation": [0, 180, 0],
			"translation": [-2.25, 0.75, 3.5],
			"scale": [2.5, 3, 3]
		},
		"ground": {
			"translation": [0, -7, 0],
			"scale": [2.5, 3, 3]
		},
		"gui": {
			"rotation": [28, -60, 0],
			"translation": [1, -2.25, 0],
			"scale": [4, 4, 4]
		},
		"fixed": {
			"rotation": [0, 90, 0],
			"translation": [0, -1.5, -2.25],
			"scale": [3.33, 4, 4]
		}
	}
}