{
	"credit": "Made with Blockbench",
	"parent": "item/generated",
	"textures": {
		"particle": "item/ammo/cal_medium",
		"layer0": "item/ammo/cal_medium"
	},
	"display": {
		"thirdperson_righthand": {
			"translation": [0.25, 1.5, 1],
			"scale": [0.3, 0.3, 0.3]
		},
		"thirdperson_lefthand": {
			"translation": [0.25, 1.5, 1],
			"scale": [0.3, 0.3, 0.3]
		},
		"firstperson_righthand": {
			"translation": [0, 2, 0],
			"scale": [0.4, 0.5, 0.4]
		},
		"firstperson_lefthand": {
			"translation": [0, 2, 0],
			"scale": [0.4, 0.5, 0.4]
		},
		"ground": {
			"translation": [0, 2, 0],
			"scale": [0.25, 0.4, 0.4]
		},
		"gui": {
			"translation": [0.75, 0, 0],
			"scale": [0.55, 0.7, 0.6]
		},
		"fixed": {
			"scale": [0.45, 0.6, 0.5]
		}
	}
}