{
	"credit": "Made with Blockbench",
	"parent": "item/generated",
	"textures": {
		"particle": "item/ammo/cal_12",
		"layer0": "item/ammo/cal_12"
	},
	"display": {
		"thirdperson_righthand": {
			"translation": [0, 1.5, 0.5],
			"scale": [0.2, 0.2, 1]
		},
		"thirdperson_lefthand": {
			"translation": [0, 1.5, 0.5],
			"scale": [0.2, 0.2, 1]
		},
		"firstperson_righthand": {
			"translation": [0, 1, 0],
			"scale": [0.2, 0.2, 0.5]
		},
		"firstperson_lefthand": {
			"translation": [0, 1, 0],
			"scale": [0.2, 0.2, 0.5]
		},
		"ground": {
			"translation": [0, 2, 0],
			"scale": [0.3, 0.3, 1.3]
		},
		"gui": {
			"scale": [0.6, 0.6, 0.6]
		},
		"fixed": {
			"scale": [0.5, 0.5, 0.8]
		}
	}
}