{
	"credit": "Made with Blockbench",
	"textures": {
		"particle": "item/ammo/cal_large",
		"1": "item/ammo/cal_large"
	},
	"elements": [
		{
			"from": [7, 7, 7],
			"to": [12, 8.5, 9],
			"faces": {
				"north": {"uv": [0, 4, 4, 8], "texture": "#1"},
				"east": {"uv": [4, 4, 8, 8], "texture": "#1"},
				"south": {"uv": [8, 4, 12, 8], "texture": "#1"},
				"west": {"uv": [12, 4, 16, 8], "texture": "#1"},
				"up": {"uv": [4, 0, 8, 4], "texture": "#1"},
				"down": {"uv": [8, 0, 12, 4], "texture": "#1"}
			}
		}
	],
	"display": {
		"thirdperson_righthand": {
			"rotation": [0, 180, 0],
			"translation": [2, 2, 1.5],
			"scale": [1.5, 2, 1.5]
		},
		"thirdperson_lefthand": {
			"translation": [2, 2, 0.75],
			"scale": [1.5, 2, 1.5]
		},
		"firstperson_righthand": {
			"rotation": [0, 180, 0],
			"translation": [-1.25, 3.25, 3.5],
			"scale": [1.5, 2, 1.5]
		},
		"firstperson_lefthand": {
			"translation": [-1.25, 3.25, 3.5],
			"scale": [1.5, 2, 1.5]
		},
		"ground": {
			"scale": [1.5, 2, 1.5]
		},
		"gui": {
			"rotation": [28, -33, 0],
			"translation": [-3.75, 2, 0],
			"scale": [3, 4, 3]
		},
		"fixed": {
			"translation": [-4.5, 0, 0],
			"scale": [3, 4, 3]
		}
	}
}