{
	"credit": "Made with Blockbench",
	"textures": {
		"1": "item/ammo/gasoline",
		"particle": "item/ammo/gasoline"
	},
	"elements": [
		{
			"from": [7, 7, 7],
			"to": [8, 10, 9],
			"faces": {
				"north": {"uv": [12, 4, 16, 8], "texture": "#1"},
				"east": {"uv": [8, 4, 12, 8], "texture": "#1"},
				"south": {"uv": [4, 4, 8, 8], "texture": "#1"},
				"west": {"uv": [0, 4, 4, 8], "texture": "#1"},
				"up": {"uv": [4, 0, 8, 4], "texture": "#1"},
				"down": {"uv": [8, 0, 12, 4], "texture": "#1"}
			}
		}
	],
	"display": {
		"thirdperson_righthand": {
			"rotation": [0, 180, 0],
			"translation": [-1.25, -3, 0.25],
			"scale": [2, 2, 1]
		},
		"thirdperson_lefthand": {
			"rotation": [0, 180, 0],
			"translation": [1.25, -3, 0.25],
			"scale": [2, 2, 1]
		},
		"firstperson_righthand": {
			"rotation": [0, -90, 0],
			"translation": [0.5, 2.25, 3.5],
			"scale": [2, 2, 1]
		},
		"firstperson_lefthand": {
			"rotation": [0, -90, 0],
			"translation": [-0.5, 3, 2.25],
			"scale": [2, 2, 1]
		},
		"ground": {
			"translation": [0, -3, 0],
			"scale": [2, 2, 1]
		},
		"gui": {
			"rotation": [28, -33, 0],
			"translation": [1.5, -2.25, 0],
			"scale": [4, 4, 2.5]
		},
		"fixed": {
			"rotation": [0, -180, 0],
			"translation": [-2, -2, -0.75],
			"scale": [3.5, 3.5, 2]
		}
	}
}