{
	"credit": "Made with Blockbench",
	"textures": {
		"particle": "item/ammo/rocket",
		"1": "item/ammo/rocket"
	},
	"elements": [
		{
			"from": [7, 7, 7],
			"to": [10, 9, 13],
			"faces": {
				"north": {"uv": [0, 4, 4, 8], "texture": "#1"},
				"east": {"uv": [4, 4, 8, 8], "texture": "#1"},
				"south": {"uv": [8, 4, 12, 8], "texture": "#1"},
				"west": {"uv": [12, 4, 16, 8], "texture": "#1"},
				"up": {"uv": [4, 8, 8, 12], "texture": "#1"},
				"down": {"uv": [8, 0, 12, 4], "texture": "#1"}
			}
		}
	],
	"display": {
		"thirdperson_righthand": {
			"rotation": [0, 90, 0],
			"translation": [-3, 2, 3],
			"scale": [1.5, 2, 1.5]
		},
		"thirdperson_lefthand": {
			"rotation": [0, 90, 0],
			"translation": [-3, 2, 1.5],
			"scale": [1.5, 2, 1.5]
		},
		"firstperson_righthand": {
			"rotation": [0, 90, 0],
			"translation": [-3, 2, 3],
			"scale": [1.5, 2, 1.5]
		},
		"firstperson_lefthand": {
			"rotation": [0, 90, 0],
			"translation": [-3, 2, 1.5],
			"scale": [1.5, 2, 1.5]
		},
		"ground": {
			"scale": [1.5, 2, 1.5]
		},
		"gui": {
			"rotation": [28, 66, 0],
			"translation": [-4.75, 0.25, 0],
			"scale": [2.33, 3.33, 2.33]
		},
		"fixed": {
			"rotation": [0, 89, 0],
			"translation": [-4, 0, 0],
			"scale": [2, 3, 2]
		}
	}
}